raceId,year,round,positionDisplayOrder,reasonRetired,driverId,constructorId,engineManufacturerId,tyreManufacturerId,laps,polePosition,gridPositionNumber,circuitId,grandPrixId,latitude,longitude,type,countryId,totalRaceStarts
940,2016,5,21,Collision,lewis-hamilton,mercedes,mercedes,pirelli,0,True,1,catalunya,spain,41.57,2.261111,RACE,spain,359
970,2017,14,18,Collision damage,sebastian-vettel,ferrari,ferrari,pirelli,0,True,1,marina-bay,singapore,1.291531,103.86385,STREET,singapore,299
1045,2021,10,20,Collision,max-verstappen,red-bull,honda,pirelli,0,True,1,silverstone,great-britain,52.078611,-1.016944,RACE,united-kingdom,212
1076,2022,19,20,Collision damage,carlos-sainz-jr,ferrari,ferrari,pirelli,1,True,1,austin,united-states,30.132778,-97.641111,RACE,united-states-of-america,209
1104,2024,3,19,Brakes,max-verstappen,red-bull,honda-rbpt,pirelli,3,True,1,melbourne,australia,-37.849722,144.968333,STREET,australia,212
931,2015,15,18,Throttle,nico-rosberg,mercedes,mercedes,bridgestone,7,True,1,sochi,russia,43.410278,39.968271,ROAD,russia,206
985,2018,9,19,Hydraulics,valtteri-bottas,mercedes,mercedes,pirelli,13,True,1,spielberg,austria,47.219722,14.764722,RACE,austria,246
1069,2022,12,19,Accident,charles-leclerc,ferrari,ferrari,pirelli,17,True,1,paul-ricard,france,43.250556,5.791667,RACE,france,150
1029,2020,11,19,Power unit,valtteri-bottas,mercedes,mercedes,pirelli,18,True,1,nurburgring,eifel,50.335556,6.9475,RACE,germany,246
1065,2022,8,19,Power unit,charles-leclerc,ferrari,ferrari,pirelli,21,True,1,baku,azerbaijan,40.3725,49.853333,STREET,azerbaijan,150
1049,2021,14,18,Collision,max-verstappen,red-bull,honda,pirelli,25,True,1,monza,italy,45.620556,9.289444,RACE,italy,212
1063,2022,6,20,Turbo,charles-leclerc,ferrari,ferrari,pirelli,27,True,1,catalunya,spain,41.57,2.261111,RACE,spain,150
1113,2024,12,19,Water leak,george-russell,mercedes,mercedes,pirelli,33,True,1,silverstone,great-britain,52.078611,-1.016944,RACE,united-kingdom,131
951,2016,16,18,Engine,lewis-hamilton,mercedes,mercedes,pirelli,40,True,1,sepang,malaysia,2.760556,101.7375,RACE,malaysia,359
987,2018,11,18,Accident,sebastian-vettel,ferrari,ferrari,pirelli,51,True,1,hockenheimring,germany,49.327778,8.565833,RACE,germany,299
995,2018,19,17,Hydraulics,daniel-ricciardo,red-bull,tag-heuer,pirelli,61,True,1,mexico-city,mexico,19.404197,-99.088747,RACE,mexico,257
940,2016,5,22,Collision,nico-rosberg,mercedes,mercedes,pirelli,0,False,2,catalunya,spain,41.57,2.261111,RACE,spain,206
970,2017,14,19,Collision,max-verstappen,red-bull,tag-heuer,pirelli,0,False,2,marina-bay,singapore,1.291531,103.86385,STREET,singapore,212
1046,2021,11,16,Collision,valtteri-bottas,mercedes,mercedes,pirelli,0,False,2,hungaroring,hungary,47.582222,19.251111,RACE,hungary,246
972,2017,16,19,Spark plugs,sebastian-vettel,ferrari,ferrari,pirelli,4,False,2,suzuka,japan,34.843056,136.540556,RACE,japan,299
1016,2019,19,20,Suspension,sebastian-vettel,ferrari,ferrari,pirelli,7,False,2,austin,united-states,30.132778,-97.641111,RACE,united-states-of-america,299
1019,2020,1,20,Electronics,max-verstappen,red-bull,honda,pirelli,11,False,2,spielberg,austria,47.219722,14.764722,RACE,austria,212
1082,2023,3,18,Engine,george-russell,mercedes,mercedes,pirelli,17,False,2,melbourne,australia,-37.849722,144.968333,STREET,australia,131
978,2018,2,18,Wheel,kimi-raikkonen,ferrari,ferrari,pirelli,35,False,2,bahrain,bahrain,26.0325,50.510556,RACE,bahrain,350
1060,2022,3,18,Fuel leak,max-verstappen,red-bull,rbpt,pirelli,38,False,2,melbourne,australia,-37.849722,144.968333,STREET,australia,212
985,2018,9,16,Fuel pressure,lewis-hamilton,mercedes,mercedes,pirelli,62,False,2,spielberg,austria,47.219722,14.764722,RACE,austria,359
1027,2020,9,19,Collision,max-verstappen,red-bull,honda,pirelli,0,False,3,mugello,tuscany,43.9975,11.371944,RACE,italy,212
1034,2020,16,19,Collision,max-verstappen,red-bull,honda,pirelli,0,False,3,bahrain,sakhir,26.0325,50.510556,RACE,bahrain,212
1075,2022,18,19,Accident,carlos-sainz-jr,ferrari,ferrari,pirelli,0,False,3,suzuka,japan,34.843056,136.540556,RACE,japan,209
1096,2023,17,19,Collision,lewis-hamilton,mercedes,mercedes,pirelli,0,False,3,lusail,qatar,25.49,51.454167,RACE,qatar,359
1123,2024,22,20,Engine,pierre-gasly,alpine,renault,pirelli,15,False,3,las-vegas,las-vegas,36.175,-115.136389,STREET,united-states-of-america,156
955,2016,20,20,Accident,kimi-raikkonen,ferrari,ferrari,pirelli,19,False,3,interlagos,brazil,-23.701111,-46.697222,RACE,brazil,350
1013,2019,16,18,Power loss,sebastian-vettel,ferrari,ferrari,pirelli,26,False,3,sochi,russia,43.410278,39.968271,ROAD,russia,299
1040,2021,5,19,Wheel nut,valtteri-bottas,mercedes,mercedes,pirelli,29,False,3,monaco,monaco,43.734722,7.420556,STREET,monaco,246
961,2017,5,17,Engine,valtteri-bottas,mercedes,mercedes,pirelli,38,False,3,catalunya,spain,41.57,2.261111,RACE,spain,246
1080,2023,1,19,Engine,charles-leclerc,ferrari,ferrari,pirelli,39,False,3,bahrain,bahrain,26.0325,50.510556,RACE,bahrain,150
933,2015,17,18,Accident,sebastian-vettel,ferrari,ferrari,bridgestone,50,False,3,mexico-city,mexico,19.404197,-99.088747,RACE,mexico,299
1031,2020,13,17,Puncture,max-verstappen,red-bull,honda,pirelli,50,False,3,imola,emilia-romagna,44.341111,11.713333,RACE,italy,212
1008,2019,11,15,Accident,valtteri-bottas,mercedes,mercedes,pirelli,56,False,3,hockenheimring,germany,49.327778,8.565833,RACE,germany,246
1068,2022,11,18,Power unit,carlos-sainz-jr,ferrari,ferrari,pirelli,56,False,3,spielberg,austria,47.219722,14.764722,RACE,austria,209
961,2017,5,20,Collision,kimi-raikkonen,ferrari,ferrari,pirelli,0,False,4,catalunya,spain,41.57,2.261111,RACE,spain,350
970,2017,14,20,Collision,kimi-raikkonen,ferrari,ferrari,pirelli,0,False,4,marina-bay,singapore,1.291531,103.86385,STREET,singapore,350
1034,2020,16,20,Collision,charles-leclerc,ferrari,ferrari,pirelli,0,False,4,bahrain,sakhir,26.0325,50.510556,RACE,bahrain,150
1046,2021,11,17,Collision,sergio-perez,red-bull,honda,pirelli,0,False,4,hungaroring,hungary,47.582222,19.251111,RACE,hungary,281
1061,2022,4,20,Collision,carlos-sainz-jr,ferrari,ferrari,pirelli,0,False,4,imola,emilia-romagna,44.341111,11.713333,RACE,italy,209
1071,2022,14,20,Collision damage,lewis-hamilton,mercedes,mercedes,pirelli,0,False,4,spa-francorchamps,belgium,50.437222,5.971389,RACE,belgium,359
978,2018,2,20,Electrical,daniel-ricciardo,red-bull,tag-heuer,pirelli,1,False,4,bahrain,bahrain,26.0325,50.510556,RACE,bahrain,257
997,2018,21,19,Power loss,kimi-raikkonen,ferrari,ferrari,pirelli,6,False,4,yas-marina,abu-dhabi,24.467222,54.603056,RACE,united-arab-emirates,350
994,2018,18,16,Battery,daniel-ricciardo,red-bull,tag-heuer,pirelli,8,False,4,austin,united-states,30.132778,-97.641111,RACE,united-states-of-america,257
1031,2020,13,20,Coolant leak,pierre-gasly,alphatauri,honda,pirelli,8,False,4,imola,emilia-romagna,44.341111,11.713333,RACE,italy,156
1065,2022,8,20,Hydraulics,carlos-sainz-jr,ferrari,ferrari,pirelli,8,False,4,baku,azerbaijan,40.3725,49.853333,STREET,azerbaijan,209
973,2017,17,18,Engine,daniel-ricciardo,red-bull,tag-heuer,pirelli,14,False,4,austin,united-states,30.132778,-97.641111,RACE,united-states-of-america,257
976,2017,20,20,Hydraulics,daniel-ricciardo,red-bull,tag-heuer,pirelli,20,False,4,yas-marina,abu-dhabi,24.467222,54.603056,RACE,united-arab-emirates,257
936,2016,1,18,Turbo,kimi-raikkonen,ferrari,ferrari,pirelli,21,False,4,melbourne,australia,-37.849722,144.968333,STREET,australia,350
1091,2023,12,19,Collision damage,carlos-sainz-jr,ferrari,ferrari,pirelli,23,False,4,spa-francorchamps,belgium,50.437222,5.971389,RACE,belgium,209
981,2018,5,17,Turbo,kimi-raikkonen,ferrari,ferrari,pirelli,25,False,4,catalunya,spain,41.57,2.261111,RACE,spain,350
1049,2021,14,17,Collision,lewis-hamilton,mercedes,mercedes,pirelli,25,False,4,monza,italy,45.620556,9.289444,RACE,italy,359
953,2016,18,20,Gearbox,max-verstappen,red-bull,tag-heuer,pirelli,28,False,4,austin,united-states,30.132778,-97.641111,RACE,united-states-of-america,212
980,2018,4,17,Collision,daniel-ricciardo,red-bull,tag-heuer,pirelli,39,False,4,baku,azerbaijan,40.3725,49.853333,STREET,azerbaijan,257
932,2015,16,13,Accident,daniil-kvyat,red-bull,renault,bridgestone,41,False,4,austin,united-states,30.132778,-97.641111,RACE,united-states-of-america,110
1073,2022,16,17,Oil leak,daniel-ricciardo,mclaren,mercedes,pirelli,45,False,4,monza,italy,45.620556,9.289444,RACE,italy,257
1017,2019,20,20,Oil pressure,valtteri-bottas,mercedes,mercedes,pirelli,51,False,4,interlagos,brazil,-23.701111,-46.697222,RACE,brazil,246
1087,2023,8,19,Brakes,george-russell,mercedes,mercedes,pirelli,53,False,4,montreal,canada,45.500578,-73.522461,STREET,canada,131
951,2016,16,22,Collision,sebastian-vettel,ferrari,ferrari,pirelli,0,False,5,sepang,malaysia,2.760556,101.7375,RACE,malaysia,299
965,2017,9,20,Collision damage,max-verstappen,red-bull,tag-heuer,pirelli,0,False,5,spielberg,austria,47.219722,14.764722,RACE,austria,212
1010,2019,13,20,Accident,max-verstappen,red-bull,honda,pirelli,0,False,5,spa-francorchamps,belgium,50.437222,5.971389,RACE,belgium,212
1091,2023,12,20,Collision damage,oscar-piastri,mclaren,mercedes,pirelli,0,False,5,spa-francorchamps,belgium,50.437222,5.971389,RACE,belgium,49
961,2017,5,19,Collision damage,max-verstappen,red-bull,tag-heuer,pirelli,1,False,5,catalunya,spain,41.57,2.261111,RACE,spain,212
1098,2023,19,20,Collision damage,sergio-perez,red-bull,honda-rbpt,pirelli,1,False,5,mexico-city,mexico,19.404197,-99.088747,RACE,mexico,281
960,2017,4,17,Brakes,daniel-ricciardo,red-bull,tag-heuer,pirelli,5,False,5,sochi,russia,43.410278,39.968271,ROAD,russia,257
968,2017,12,19,Power unit,max-verstappen,red-bull,tag-heuer,pirelli,7,False,5,spa-francorchamps,belgium,50.437222,5.971389,RACE,belgium,212
963,2017,7,18,Electrical,max-verstappen,red-bull,tag-heuer,pirelli,10,False,5,montreal,canada,45.500578,-73.522461,STREET,canada,212
964,2017,8,18,Oil pressure,max-verstappen,red-bull,tag-heuer,pirelli,12,False,5,baku,azerbaijan,40.3725,49.853333,STREET,azerbaijan,212
1014,2019,17,18,Collision damage,max-verstappen,red-bull,honda,pirelli,14,False,5,suzuka,japan,34.843056,136.540556,RACE,japan,212
1095,2023,16,19,Withdrew,sergio-perez,red-bull,honda-rbpt,pirelli,15,False,5,suzuka,japan,34.843056,136.540556,RACE,japan,281
1081,2023,2,20,Engine,lance-stroll,aston-martin,mercedes,pirelli,16,False,5,jeddah,saudi-arabia,21.543333,39.172778,STREET,saudi-arabia,169
927,2015,11,18,Electrical,daniel-ricciardo,red-bull,renault,bridgestone,19,False,5,spa-francorchamps,belgium,50.437222,5.971389,RACE,belgium,257
1074,2022,17,18,Engine,fernando-alonso,alpine,renault,pirelli,20,False,5,marina-bay,singapore,1.291531,103.86385,STREET,singapore,405
1076,2022,19,18,Collision,lance-stroll,aston-martin,mercedes,pirelli,21,False,5,austin,united-states,30.132778,-97.641111,RACE,united-states-of-america,169
977,2018,1,17,Wheel,kevin-magnussen,haas,ferrari,pirelli,22,False,5,melbourne,australia,-37.849722,144.968333,STREET,australia,185
1029,2020,11,17,Radiator,alexander-albon,red-bull,honda,pirelli,23,False,5,nurburgring,eifel,50.335556,6.9475,RACE,germany,107
1068,2022,11,20,Collision damage,sergio-perez,red-bull,rbpt,pirelli,24,False,5,spielberg,austria,47.219722,14.764722,RACE,austria,281
1020,2020,2,18,Overheating,esteban-ocon,renault,renault,pirelli,25,False,5,spielberg,styria,47.219722,14.764722,RACE,austria,159
1026,2020,8,17,Power unit,max-verstappen,red-bull,honda,pirelli,30,False,5,monza,italy,45.620556,9.289444,RACE,italy,212
929,2015,13,18,Power unit,lewis-hamilton,mercedes,mercedes,bridgestone,32,False,5,marina-bay,singapore,1.291531,103.86385,STREET,singapore,359
953,2016,18,19,Loose wheel,kimi-raikkonen,ferrari,ferrari,pirelli,38,False,5,austin,united-states,30.132778,-97.641111,RACE,united-states-of-america,350
980,2018,4,16,Collision,max-verstappen,red-bull,tag-heuer,pirelli,39,False,5,baku,azerbaijan,40.3725,49.853333,STREET,azerbaijan,212
917,2015,1,12,Wheel,kimi-raikkonen,ferrari,ferrari,bridgestone,40,False,5,melbourne,australia,-37.849722,144.968333,STREET,australia,350
926,2015,10,18,Hybrid system,kimi-raikkonen,ferrari,ferrari,bridgestone,55,False,5,hungaroring,hungary,47.582222,19.251111,RACE,hungary,350
931,2015,15,19,Collision,nico-hulkenberg,force-india,mercedes,bridgestone,0,False,6,sochi,russia,43.410278,39.968271,ROAD,russia,230
967,2017,11,20,Radiator,daniel-ricciardo,red-bull,tag-heuer,pirelli,0,False,6,hungaroring,hungary,47.582222,19.251111,RACE,hungary,257
1028,2020,10,19,Accident,carlos-sainz-jr,mclaren,renault,pirelli,0,False,6,sochi,russia,43.410278,39.968271,ROAD,russia,209
1043,2021,8,20,Collision,pierre-gasly,alphatauri,honda,pirelli,1,False,6,spielberg,styria,47.219722,14.764722,RACE,austria,156
1046,2021,11,15,Collision damage,lando-norris,mclaren,mercedes,pirelli,2,False,6,hungaroring,hungary,47.582222,19.251111,RACE,hungary,131
943,2016,8,22,Suspension,daniil-kvyat,toro-rosso,ferrari,pirelli,6,False,6,baku,europe,40.3725,49.853333,STREET,azerbaijan,110
989,2018,13,17,Collision damage,kimi-raikkonen,ferrari,ferrari,pirelli,8,False,6,spa-francorchamps,belgium,50.437222,5.971389,RACE,belgium,350
959,2017,3,18,Brakes,max-verstappen,red-bull,tag-heuer,pirelli,11,False,6,bahrain,bahrain,26.0325,50.510556,RACE,bahrain,212
957,2017,1,20,Water leak,romain-grosjean,haas,ferrari,pirelli,13,False,6,melbourne,australia,-37.849722,144.968333,STREET,australia,179
1066,2022,9,19,Hydraulics,mick-schumacher,haas,ferrari,pirelli,18,False,6,montreal,canada,45.500578,-73.522461,STREET,canada,43
996,2018,20,20,Collision damage,marcus-ericsson,sauber,ferrari,pirelli,20,False,6,interlagos,brazil,-23.701111,-46.697222,RACE,brazil,97
977,2018,1,16,Wheel,romain-grosjean,haas,ferrari,pirelli,24,False,6,melbourne,australia,-37.849722,144.968333,STREET,australia,179
998,2019,1,18,Wheel,romain-grosjean,haas,ferrari,pirelli,29,False,6,melbourne,australia,-37.849722,144.968333,STREET,australia,179
1073,2022,16,19,Water pressure,fernando-alonso,alpine,renault,pirelli,31,False,6,monza,italy,45.620556,9.289444,RACE,italy,405
1001,2019,4,19,Collision damage,daniil-kvyat,toro-rosso,honda,pirelli,33,False,6,baku,azerbaijan,40.3725,49.853333,STREET,azerbaijan,110
932,2015,16,14,Collision,nico-hulkenberg,force-india,mercedes,bridgestone,35,False,6,austin,united-states,30.132778,-97.641111,RACE,united-states-of-america,230
964,2017,8,15,Collision damage,sergio-perez,force-india,mercedes,pirelli,39,False,6,baku,azerbaijan,40.3725,49.853333,STREET,azerbaijan,281
1027,2020,9,13,Accident,lance-stroll,racing-point,bwt-mercedes,pirelli,42,False,6,mugello,tuscany,43.9975,11.371944,RACE,italy,169
1055,2021,20,20,Puncture damage,valtteri-bottas,mercedes,mercedes,pirelli,48,False,6,lusail,qatar,25.49,51.454167,RACE,qatar,246
1078,2022,21,18,Gearbox,lando-norris,mclaren,mercedes,pirelli,50,False,6,interlagos,sao-paulo,-23.701111,-46.697222,RACE,brazil,131
939,2016,4,20,Collision,sebastian-vettel,ferrari,ferrari,pirelli,0,False,7,sochi,russia,43.410278,39.968271,ROAD,russia,299
963,2017,7,19,Collision,felipe-massa,williams,mercedes,pirelli,0,False,7,montreal,canada,45.500578,-73.522461,STREET,canada,269
980,2018,4,19,Collision,esteban-ocon,force-india,mercedes,pirelli,0,False,7,baku,azerbaijan,40.3725,49.853333,STREET,azerbaijan,159
1046,2021,11,18,Collision,charles-leclerc,ferrari,ferrari,pirelli,0,False,7,hungaroring,hungary,47.582222,19.251111,RACE,hungary,150
1082,2023,3,20,Collision,charles-leclerc,ferrari,ferrari,pirelli,0,False,7,melbourne,australia,-37.849722,144.968333,STREET,australia,150
953,2016,18,22,Collision damage,nico-hulkenberg,force-india,mercedes,pirelli,1,False,7,austin,united-states,30.132778,-97.641111,RACE,united-states-of-america,230
927,2015,11,19,Power unit,pastor-maldonado,lotus-f1,mercedes,bridgestone,2,False,7,spa-francorchamps,belgium,50.437222,5.971389,RACE,belgium,95
988,2018,12,19,Power loss,max-verstappen,red-bull,tag-heuer,pirelli,5,False,7,hungaroring,hungary,47.582222,19.251111,RACE,hungary,212
1076,2022,19,19,Spun off,valtteri-bottas,alfa-romeo,ferrari,pirelli,16,False,7,austin,united-states,30.132778,-97.641111,RACE,united-states-of-america,246
1029,2020,11,18,Hydraulics,esteban-ocon,renault,renault,pirelli,22,False,7,nurburgring,eifel,50.335556,6.9475,RACE,germany,159
932,2015,16,17,Suspension,felipe-massa,williams,mercedes,bridgestone,23,False,7,austin,united-states,30.132778,-97.641111,RACE,united-states-of-america,269
974,2017,18,19,Power unit,nico-hulkenberg,renault,renault,pirelli,24,False,7,mexico-city,mexico,19.404197,-99.088747,RACE,mexico,230
1011,2019,14,20,Wheel,carlos-sainz-jr,mclaren,renault,pirelli,27,False,7,monza,italy,45.620556,9.289444,RACE,italy,209
1059,2022,2,16,Water pressure,fernando-alonso,alpine,renault,pirelli,35,False,7,jeddah,saudi-arabia,21.543333,39.172778,STREET,saudi-arabia,405
970,2017,14,14,Oil leak,nico-hulkenberg,renault,renault,pirelli,48,False,7,marina-bay,singapore,1.291531,103.86385,STREET,singapore,230
982,2018,6,20,Gearbox,fernando-alonso,mclaren,renault,pirelli,52,False,7,monaco,monaco,43.734722,7.420556,STREET,monaco,405
985,2018,9,18,Exhaust,daniel-ricciardo,red-bull,tag-heuer,pirelli,53,False,7,spielberg,austria,47.219722,14.764722,RACE,austria,257
917,2015,1,14,Power loss,romain-grosjean,lotus-f1,mercedes,bridgestone,0,False,8,melbourne,australia,-37.849722,144.968333,STREET,australia,179
950,2016,15,21,Collision,nico-hulkenberg,force-india,mercedes,pirelli,0,False,8,marina-bay,singapore,1.291531,103.86385,STREET,singapore,230
1013,2019,16,20,Collision,romain-grosjean,haas,ferrari,pirelli,0,False,8,sochi,russia,43.410278,39.968271,ROAD,russia,179
1067,2022,10,18,Collision,george-russell,mercedes,mercedes,pirelli,0,False,8,silverstone,great-britain,52.078611,-1.016944,RACE,united-kingdom,131
1078,2022,21,19,Collision,kevin-magnussen,haas,ferrari,pirelli,0,True,8,interlagos,sao-paulo,-23.701111,-46.697222,RACE,brazil,185
928,2015,12,19,Collision damage,romain-grosjean,lotus-f1,mercedes,bridgestone,1,False,8,monza,italy,45.620556,9.289444,RACE,italy,179
1008,2019,11,20,Accident,sergio-perez,racing-point,bwt-mercedes,pirelli,1,False,8,hockenheimring,germany,49.327778,8.565833,RACE,germany,281
994,2018,18,17,Collision,romain-grosjean,haas,ferrari,pirelli,2,False,8,austin,united-states,30.132778,-97.641111,RACE,united-states-of-america,179
922,2015,6,20,Brakes,pastor-maldonado,lotus-f1,mercedes,bridgestone,5,False,8,monaco,monaco,43.734722,7.420556,STREET,monaco,95
1082,2023,3,19,Accident,alexander-albon,williams,mercedes,pirelli,6,False,8,melbourne,australia,-37.849722,144.968333,STREET,australia,107
1097,2023,18,18,Collision damage,esteban-ocon,alpine,renault,pirelli,6,False,8,austin,united-states,30.132778,-97.641111,RACE,united-states-of-america,159
970,2017,14,17,Collision damage,fernando-alonso,mclaren,honda,pirelli,8,False,8,marina-bay,singapore,1.291531,103.86385,STREET,singapore,405
1004,2019,7,20,Suspension,lando-norris,mclaren,renault,pirelli,8,False,8,montreal,canada,45.500578,-73.522461,STREET,canada,131
931,2015,15,17,Accident,romain-grosjean,lotus-f1,mercedes,bridgestone,11,False,8,sochi,russia,43.410278,39.968271,ROAD,russia,179
1088,2023,9,20,Engine,nico-hulkenberg,haas,ferrari,pirelli,12,False,8,spielberg,austria,47.219722,14.764722,RACE,austria,230
1052,2021,17,20,Suspension,pierre-gasly,alphatauri,honda,pirelli,14,False,8,austin,united-states,30.132778,-97.641111,RACE,united-states-of-america,156
1000,2019,3,20,Power unit,nico-hulkenberg,renault,renault,pirelli,16,False,8,shanghai,china,31.338889,121.219722,RACE,china,230
1069,2022,12,20,Undertray,yuki-tsunoda,alphatauri,rbpt,pirelli,17,False,8,paul-ricard,france,43.250556,5.791667,RACE,france,90
941,2016,6,20,Collision,daniil-kvyat,toro-rosso,ferrari,pirelli,18,False,8,monaco,monaco,43.734722,7.420556,STREET,monaco,110
973,2017,17,17,Engine,fernando-alonso,mclaren,honda,pirelli,24,False,8,austin,united-states,30.132778,-97.641111,RACE,united-states-of-america,405
989,2018,13,16,Collision damage,daniel-ricciardo,red-bull,tag-heuer,pirelli,28,False,8,spa-francorchamps,belgium,50.437222,5.971389,RACE,belgium,257
995,2018,19,19,Clutch,carlos-sainz-jr,renault,renault,pirelli,28,False,8,mexico-city,mexico,19.404197,-99.088747,RACE,mexico,209
1037,2021,2,18,Collision,valtteri-bottas,mercedes,mercedes,pirelli,30,False,8,imola,emilia-romagna,44.341111,11.713333,RACE,italy,246
925,2015,9,14,Electrical,carlos-sainz-jr,toro-rosso,renault,bridgestone,31,False,8,silverstone,great-britain,52.078611,-1.016944,RACE,united-kingdom,209
942,2016,7,20,Overheating,felipe-massa,williams,mercedes,pirelli,35,False,8,montreal,canada,45.500578,-73.522461,STREET,canada,269
1059,2022,2,15,Cooling system,valtteri-bottas,alfa-romeo,ferrari,pirelli,36,False,8,jeddah,saudi-arabia,21.543333,39.172778,STREET,saudi-arabia,246
986,2018,10,16,Collision,romain-grosjean,haas,ferrari,pirelli,37,False,8,silverstone,great-britain,52.078611,-1.016944,RACE,united-kingdom,179
1045,2021,10,19,Overheating,sebastian-vettel,aston-martin,mercedes,pirelli,40,False,8,silverstone,great-britain,52.078611,-1.016944,RACE,united-kingdom,299
1029,2020,11,16,Power unit,lando-norris,mclaren,renault,pirelli,42,False,8,nurburgring,eifel,50.335556,6.9475,RACE,germany,131
1094,2023,15,18,Gearbox,esteban-ocon,alpine,renault,pirelli,42,False,8,marina-bay,singapore,1.291531,103.86385,STREET,singapore,159
1015,2019,18,20,Withdrew,lando-norris,mclaren,renault,pirelli,48,False,8,mexico-city,mexico,19.404197,-99.088747,RACE,mexico,131
1099,2023,20,15,Overheating,george-russell,mercedes,mercedes,pirelli,57,False,8,interlagos,sao-paulo,-23.701111,-46.697222,RACE,brazil,131
974,2017,18,16,Steering,carlos-sainz-jr,renault,renault,pirelli,59,False,8,mexico-city,mexico,19.404197,-99.088747,RACE,mexico,209
946,2016,11,22,Oil leak,jenson-button,mclaren,honda,pirelli,60,False,8,hungaroring,hungary,47.582222,19.251111,RACE,hungary,306
917,2015,1,15,Collision,pastor-maldonado,lotus-f1,mercedes,bridgestone,0,False,9,melbourne,australia,-37.849722,144.968333,STREET,australia,95
991,2018,15,20,Collision,esteban-ocon,force-india,mercedes,pirelli,0,False,9,marina-bay,singapore,1.291531,103.86385,STREET,singapore,159
1067,2022,10,19,Collision,guanyu-zhou,alfa-romeo,ferrari,pirelli,0,False,9,silverstone,great-britain,52.078611,-1.016944,RACE,united-kingdom,68
1121,2024,20,19,Collision,alexander-albon,williams,mercedes,pirelli,0,False,9,mexico-city,mexico,19.404197,-99.088747,RACE,mexico,107
948,2016,13,21,Collision damage,jenson-button,mclaren,honda,pirelli,1,False,9,spa-francorchamps,belgium,50.437222,5.971389,RACE,belgium,306
1060,2022,3,20,Spun off,carlos-sainz-jr,ferrari,ferrari,pirelli,1,False,9,melbourne,australia,-37.849722,144.968333,STREET,australia,209
918,2015,2,19,Spun off,marcus-ericsson,sauber,ferrari,bridgestone,3,False,9,sepang,malaysia,2.760556,101.7375,RACE,malaysia,97
1027,2020,9,18,Collision,carlos-sainz-jr,mclaren,renault,pirelli,5,False,9,mugello,tuscany,43.9975,11.371944,RACE,italy,209
1061,2022,4,19,Collision damage,fernando-alonso,alpine,renault,pirelli,6,False,9,imola,emilia-romagna,44.341111,11.713333,RACE,italy,405
958,2017,2,17,Hydraulics,daniil-kvyat,toro-rosso,toro-rosso,pirelli,18,False,9,shanghai,china,31.338889,121.219722,RACE,china,110
986,2018,10,19,Wheel,charles-leclerc,sauber,ferrari,pirelli,18,False,9,silverstone,great-britain,52.078611,-1.016944,RACE,united-kingdom,150
1019,2020,1,18,Engine,lance-stroll,racing-point,bwt-mercedes,pirelli,20,False,9,spielberg,austria,47.219722,14.764722,RACE,austria,169
964,2017,8,16,Suspension,felipe-massa,williams,mercedes,pirelli,25,False,9,baku,azerbaijan,40.3725,49.853333,STREET,azerbaijan,269
944,2016,9,21,Accident,sebastian-vettel,ferrari,ferrari,pirelli,26,False,9,spielberg,austria,47.219722,14.764722,RACE,austria,299
920,2015,4,19,Wheel hub,carlos-sainz-jr,toro-rosso,renault,bridgestone,29,False,9,bahrain,bahrain,26.0325,50.510556,RACE,bahrain,209
929,2015,13,19,Gearbox,felipe-massa,williams,mercedes,bridgestone,30,False,9,marina-bay,singapore,1.291531,103.86385,STREET,singapore,269
1125,2024,24,18,Collision damage,valtteri-bottas,kick-sauber,ferrari,pirelli,30,False,9,yas-marina,abu-dhabi,24.467222,54.603056,RACE,united-arab-emirates,246
994,2018,18,15,Collision damage,charles-leclerc,sauber,ferrari,pirelli,31,False,9,austin,united-states,30.132778,-97.641111,RACE,united-states-of-america,150
1036,2021,1,19,Brakes,fernando-alonso,alpine,renault,pirelli,32,False,9,bahrain,bahrain,26.0325,50.510556,RACE,bahrain,405
939,2016,4,19,Power unit,max-verstappen,toro-rosso,ferrari,pirelli,33,False,9,sochi,russia,43.410278,39.968271,ROAD,russia,212
924,2015,8,15,Gearbox,romain-grosjean,lotus-f1,mercedes,bridgestone,35,False,9,spielberg,austria,47.219722,14.764722,RACE,austria,179
1024,2020,6,20,Electrical,charles-leclerc,ferrari,ferrari,pirelli,38,False,9,catalunya,spain,41.57,2.261111,RACE,spain,150
1124,2024,23,17,Clutch,sergio-perez,red-bull,honda-rbpt,pirelli,38,False,9,lusail,qatar,25.49,51.454167,RACE,qatar,281
1008,2019,11,16,Accident,nico-hulkenberg,renault,renault,pirelli,39,False,9,hockenheimring,germany,49.327778,8.565833,RACE,germany,230
1080,2023,1,18,Withdrew,esteban-ocon,alpine,renault,pirelli,41,False,9,bahrain,bahrain,26.0325,50.510556,RACE,bahrain,159
1092,2023,13,19,Undertray,charles-leclerc,ferrari,ferrari,pirelli,41,False,9,zandvoort,netherlands,52.388819,4.540922,RACE,netherlands,150
1072,2022,15,20,Differential,yuki-tsunoda,alphatauri,rbpt,pirelli,43,False,9,zandvoort,netherlands,52.388819,4.540922,RACE,netherlands,90
997,2018,21,17,Engine,esteban-ocon,force-india,mercedes,pirelli,44,False,9,yas-marina,abu-dhabi,24.467222,54.603056,RACE,united-arab-emirates,159
1009,2019,12,20,Water pressure,romain-grosjean,haas,ferrari,pirelli,49,False,9,hungaroring,hungary,47.582222,19.251111,RACE,hungary,179
922,2015,6,18,Accident,max-verstappen,toro-rosso,renault,bridgestone,62,False,9,monaco,monaco,43.734722,7.420556,STREET,monaco,212
958,2017,2,20,Collision,lance-stroll,williams,mercedes,pirelli,0,False,10,shanghai,china,31.338889,121.219722,RACE,china,169
975,2017,19,18,Collision,esteban-ocon,force-india,mercedes,pirelli,0,False,10,interlagos,brazil,-23.701111,-46.697222,RACE,brazil,159
981,2018,5,18,Collision,romain-grosjean,haas,ferrari,pirelli,0,False,10,catalunya,spain,41.57,2.261111,RACE,spain,179
997,2018,21,20,Collision,nico-hulkenberg,renault,renault,pirelli,0,False,10,yas-marina,abu-dhabi,24.467222,54.603056,RACE,united-arab-emirates,230
1125,2024,24,20,Collision,sergio-perez,red-bull,honda-rbpt,pirelli,0,False,10,yas-marina,abu-dhabi,24.467222,54.603056,RACE,united-arab-emirates,281
1126,2025,1,18,Accident,carlos-sainz-jr,williams,mercedes,pirelli,0,False,10,melbourne,australia,-37.849722,144.968333,STREET,australia,209
928,2015,12,20,Collision damage,pastor-maldonado,lotus-f1,mercedes,bridgestone,1,False,10,monza,italy,45.620556,9.289444,RACE,italy,95
1020,2020,2,20,Collision damage,sebastian-vettel,ferrari,ferrari,pirelli,1,False,10,spielberg,styria,47.219722,14.764722,RACE,austria,299
1103,2024,2,19,Accident,lance-stroll,aston-martin,mercedes,pirelli,5,False,10,jeddah,saudi-arabia,21.543333,39.172778,STREET,saudi-arabia,169
1027,2020,9,14,Brakes,esteban-ocon,renault,renault,pirelli,7,False,10,mugello,tuscany,43.9975,11.371944,RACE,italy,159
932,2015,16,18,Brakes,romain-grosjean,lotus-f1,mercedes,bridgestone,10,False,10,austin,united-states,30.132778,-97.641111,RACE,united-states-of-america,179
1097,2023,18,17,Collision damage,oscar-piastri,mclaren,mercedes,pirelli,10,False,10,austin,united-states,30.132778,-97.641111,RACE,united-states-of-america,49
985,2018,9,20,Engine,nico-hulkenberg,renault,renault,pirelli,11,False,10,spielberg,austria,47.219722,14.764722,RACE,austria,230
1032,2020,14,20,Gearbox,antonio-giovinazzi,alfa-romeo,ferrari,pirelli,11,False,10,istanbul,turkey,40.951667,29.405,RACE,turkey,62
1092,2023,13,20,Hydraulics,logan-sargeant,williams,mercedes,pirelli,14,False,10,zandvoort,netherlands,52.388819,4.540922,RACE,netherlands,36
962,2017,6,20,Gearbox,nico-hulkenberg,renault,renault,pirelli,15,False,10,monaco,monaco,43.734722,7.420556,STREET,monaco,230
1021,2020,3,20,Gearbox,pierre-gasly,alphatauri,honda,pirelli,15,False,10,hungaroring,hungary,47.582222,19.251111,RACE,hungary,156
1019,2020,1,19,Overheating,daniel-ricciardo,renault,renault,pirelli,17,False,10,spielberg,austria,47.219722,14.764722,RACE,austria,257
1106,2024,5,20,Engine,valtteri-bottas,kick-sauber,ferrari,pirelli,19,False,10,shanghai,china,31.338889,121.219722,RACE,china,246
925,2015,9,15,Electrical,daniel-ricciardo,red-bull,renault,bridgestone,21,False,10,silverstone,great-britain,52.078611,-1.016944,RACE,united-kingdom,257
1013,2019,16,19,Collision damage,daniel-ricciardo,renault,renault,pirelli,24,False,10,sochi,russia,43.410278,39.968271,ROAD,russia,257
968,2017,12,18,Power unit,fernando-alonso,mclaren,honda,pirelli,25,False,10,spa-francorchamps,belgium,50.437222,5.971389,RACE,belgium,405
1008,2019,11,17,Accident,charles-leclerc,ferrari,ferrari,pirelli,27,False,10,hockenheimring,germany,49.327778,8.565833,RACE,germany,150
1079,2022,22,20,Water leak,fernando-alonso,alpine,renault,pirelli,27,False,10,yas-marina,abu-dhabi,24.467222,54.603056,RACE,united-arab-emirates,405
1001,2019,4,20,Collision damage,daniel-ricciardo,renault,renault,pirelli,31,False,10,baku,azerbaijan,40.3725,49.853333,STREET,azerbaijan,257
927,2015,11,17,Power unit,carlos-sainz-jr,toro-rosso,renault,bridgestone,32,False,10,spa-francorchamps,belgium,50.437222,5.971389,RACE,belgium,209
1074,2022,17,15,Accident,yuki-tsunoda,alphatauri,rbpt,pirelli,34,False,10,marina-bay,singapore,1.291531,103.86385,STREET,singapore,90
950,2016,15,20,Overheating,valtteri-bottas,williams,mercedes,pirelli,35,False,10,marina-bay,singapore,1.291531,103.86385,STREET,singapore,246
947,2016,12,22,Suspension,felipe-massa,williams,mercedes,pirelli,36,False,10,hockenheimring,germany,49.327778,8.565833,RACE,germany,269
1043,2021,8,19,Power unit,george-russell,williams,mercedes,pirelli,36,False,10,spielberg,styria,47.219722,14.764722,RACE,austria,131
993,2018,17,18,Mechanical,charles-leclerc,sauber,ferrari,pirelli,38,False,10,suzuka,japan,34.843056,136.540556,RACE,japan,150
965,2017,9,17,Engine,carlos-sainz-jr,toro-rosso,toro-rosso,pirelli,44,False,10,spielberg,austria,47.219722,14.764722,RACE,austria,209
1002,2019,5,20,Collision,lando-norris,mclaren,renault,pirelli,44,False,10,catalunya,spain,41.57,2.261111,RACE,spain,131
1058,2022,1,20,Power unit,pierre-gasly,alphatauri,rbpt,pirelli,44,False,10,bahrain,bahrain,26.0325,50.510556,RACE,bahrain,156
940,2016,5,19,Power unit,fernando-alonso,mclaren,honda,pirelli,45,False,10,catalunya,spain,41.57,2.261111,RACE,spain,405
1110,2024,9,17,Collision,alexander-albon,williams,mercedes,pirelli,52,False,10,montreal,canada,45.500578,-73.522461,STREET,canada,107
980,2018,4,20,Collision,sergey-sirotkin,williams,mercedes,pirelli,0,False,11,baku,azerbaijan,40.3725,49.853333,STREET,azerbaijan,21
984,2018,8,19,Collision,esteban-ocon,force-india,mercedes,pirelli,0,False,11,paul-ricard,france,43.250556,5.791667,RACE,france,159
1078,2022,21,20,Collision,daniel-ricciardo,mclaren,mercedes,pirelli,0,False,11,interlagos,sao-paulo,-23.701111,-46.697222,RACE,brazil,257
1105,2024,4,19,Collision,daniel-ricciardo,rb,honda-rbpt,pirelli,0,False,11,suzuka,japan,34.843056,136.540556,RACE,japan,257
1109,2024,8,17,Collision damage,esteban-ocon,alpine,renault,pirelli,0,False,11,monaco,monaco,43.734722,7.420556,STREET,monaco,159
1121,2024,20,20,Collision,yuki-tsunoda,rb,honda-rbpt,pirelli,0,False,11,mexico-city,mexico,19.404197,-99.088747,RACE,mexico,90
1020,2020,2,19,Collision damage,charles-leclerc,ferrari,ferrari,pirelli,4,False,11,spielberg,styria,47.219722,14.764722,RACE,austria,150
956,2016,21,21,Suspension,valtteri-bottas,williams,mercedes,pirelli,6,False,11,yas-marina,abu-dhabi,24.467222,54.603056,RACE,united-arab-emirates,246
964,2017,8,19,Electrical,daniil-kvyat,toro-rosso,toro-rosso,pirelli,9,False,11,baku,azerbaijan,40.3725,49.853333,STREET,azerbaijan,110
941,2016,6,21,Accident damage,kimi-raikkonen,ferrari,ferrari,pirelli,10,False,11,monaco,monaco,43.734722,7.420556,STREET,monaco,350
1073,2022,16,20,Engine,sebastian-vettel,aston-martin,mercedes,pirelli,10,False,11,monza,italy,45.620556,9.289444,RACE,italy,299
929,2015,13,20,Collision,nico-hulkenberg,force-india,mercedes,bridgestone,12,False,11,marina-bay,singapore,1.291531,103.86385,STREET,singapore,230
1118,2024,17,20,Collision damage,yuki-tsunoda,rb,honda-rbpt,pirelli,14,False,11,baku,azerbaijan,40.3725,49.853333,STREET,azerbaijan,90
1104,2024,3,18,Power unit,lewis-hamilton,mercedes,mercedes,pirelli,15,False,11,melbourne,australia,-37.849722,144.968333,STREET,australia,359
1119,2024,18,20,Overheating,alexander-albon,williams,mercedes,pirelli,15,False,11,marina-bay,singapore,1.291531,103.86385,STREET,singapore,107
936,2016,1,21,Collision,fernando-alonso,mclaren,honda,pirelli,16,False,11,melbourne,australia,-37.849722,144.968333,STREET,australia,405
999,2019,2,20,Collision damage,romain-grosjean,haas,ferrari,pirelli,16,False,11,bahrain,bahrain,26.0325,50.510556,RACE,bahrain,179
1007,2019,10,18,Spun off,antonio-giovinazzi,alfa-romeo,ferrari,pirelli,18,False,11,silverstone,great-britain,52.078611,-1.016944,RACE,united-kingdom,62
940,2016,5,20,Oil leak,nico-hulkenberg,force-india,mercedes,pirelli,20,False,11,catalunya,spain,41.57,2.261111,RACE,spain,230
1067,2022,10,16,Collision damage,pierre-gasly,alphatauri,rbpt,pirelli,26,False,11,silverstone,great-britain,52.078611,-1.016944,RACE,united-kingdom,156
937,2016,2,18,Collision damage,carlos-sainz-jr,toro-rosso,ferrari,pirelli,29,False,11,bahrain,bahrain,26.0325,50.510556,RACE,bahrain,209
917,2015,1,13,Engine,max-verstappen,toro-rosso,renault,bridgestone,32,False,11,melbourne,australia,-37.849722,144.968333,STREET,australia,212
972,2017,16,17,Rear wing,nico-hulkenberg,renault,renault,pirelli,40,False,11,suzuka,japan,34.843056,136.540556,RACE,japan,230
1052,2021,17,19,Mechanical,esteban-ocon,alpine,renault,pirelli,40,False,11,austin,united-states,30.132778,-97.641111,RACE,united-states-of-america,159
1110,2024,9,19,Engine,charles-leclerc,ferrari,ferrari,pirelli,40,False,11,montreal,canada,45.500578,-73.522461,STREET,canada,150
926,2015,10,20,Front wing,nico-hulkenberg,force-india,mercedes,bridgestone,41,False,11,hungaroring,hungary,47.582222,19.251111,RACE,hungary,230
1000,2019,3,19,Collision damage,daniil-kvyat,toro-rosso,honda,pirelli,41,False,11,shanghai,china,31.338889,121.219722,RACE,china,110
1011,2019,14,18,Hydraulics,kevin-magnussen,haas,ferrari,pirelli,43,False,11,monza,italy,45.620556,9.289444,RACE,italy,185
981,2018,5,15,Gearbox,stoffel-vandoorne,mclaren,renault,pirelli,45,False,11,catalunya,spain,41.57,2.261111,RACE,spain,41
919,2015,3,18,Brakes,pastor-maldonado,lotus-f1,mercedes,bridgestone,49,False,11,shanghai,china,31.338889,121.219722,RACE,china,95
1054,2021,19,19,Power loss,daniel-ricciardo,mclaren,mercedes,pirelli,49,False,11,interlagos,sao-paulo,-23.701111,-46.697222,RACE,brazil,257
963,2017,7,17,Power unit,daniil-kvyat,toro-rosso,toro-rosso,pirelli,54,False,11,montreal,canada,45.500578,-73.522461,STREET,canada,110
925,2015,9,17,Collision,romain-grosjean,lotus-f1,mercedes,bridgestone,0,False,12,silverstone,great-britain,52.078611,-1.016944,RACE,united-kingdom,179
975,2017,19,19,Collision,stoffel-vandoorne,mclaren,honda,pirelli,0,False,12,interlagos,brazil,-23.701111,-46.697222,RACE,brazil,41
981,2018,5,19,Collision,pierre-gasly,toro-rosso,honda,pirelli,0,False,12,catalunya,spain,41.57,2.261111,RACE,spain,156
983,2018,7,19,Collision,brendon-hartley,toro-rosso,honda,pirelli,0,False,12,montreal,canada,45.500578,-73.522461,STREET,canada,25
989,2018,13,18,Collision,charles-leclerc,sauber,ferrari,pirelli,0,False,12,spa-francorchamps,belgium,50.437222,5.971389,RACE,belgium,150
1028,2020,10,20,Collision,lance-stroll,racing-point,bwt-mercedes,pirelli,0,False,12,sochi,russia,43.410278,39.968271,ROAD,russia,169
1046,2021,11,19,Collision,lance-stroll,aston-martin,mercedes,pirelli,0,False,12,hungaroring,hungary,47.582222,19.251111,RACE,hungary,169
1099,2023,20,18,Collision,kevin-magnussen,haas,ferrari,pirelli,0,False,12,interlagos,sao-paulo,-23.701111,-46.697222,RACE,brazil,185
965,2017,9,19,Collision damage,fernando-alonso,mclaren,honda,pirelli,1,False,12,spielberg,austria,47.219722,14.764722,RACE,austria,405
1090,2023,11,19,Collision,esteban-ocon,alpine,renault,pirelli,2,False,12,hungaroring,hungary,47.582222,19.251111,RACE,hungary,159
995,2018,19,20,Water pressure,fernando-alonso,mclaren,renault,pirelli,3,False,12,mexico-city,mexico,19.404197,-99.088747,RACE,mexico,405
1041,2021,6,20,Turbocharger,esteban-ocon,alpine,renault,pirelli,3,False,12,baku,azerbaijan,40.3725,49.853333,STREET,azerbaijan,159
948,2016,13,18,Accident,kevin-magnussen,renault,renault,pirelli,5,False,12,spa-francorchamps,belgium,50.437222,5.971389,RACE,belgium,185
951,2016,16,21,Brakes,romain-grosjean,haas,ferrari,pirelli,7,False,12,sepang,malaysia,2.760556,101.7375,RACE,malaysia,179
993,2018,17,20,Collision damage,kevin-magnussen,haas,ferrari,pirelli,8,False,12,suzuka,japan,34.843056,136.540556,RACE,japan,185
942,2016,7,22,Engine,jenson-button,mclaren,honda,pirelli,9,False,12,montreal,canada,45.500578,-73.522461,STREET,canada,306
956,2016,21,20,Suspension,jenson-button,mclaren,honda,pirelli,12,False,12,yas-marina,abu-dhabi,24.467222,54.603056,RACE,united-arab-emirates,306
959,2017,3,17,Collision,lance-stroll,williams,mercedes,pirelli,12,False,12,bahrain,bahrain,26.0325,50.510556,RACE,bahrain,169
919,2015,3,19,Engine,daniil-kvyat,red-bull,renault,bridgestone,15,False,12,shanghai,china,31.338889,121.219722,RACE,china,110
1067,2022,10,17,Gearbox,valtteri-bottas,alfa-romeo,ferrari,pirelli,20,False,12,silverstone,great-britain,52.078611,-1.016944,RACE,united-kingdom,246
997,2018,21,18,Power loss,marcus-ericsson,sauber,ferrari,pirelli,24,False,12,yas-marina,abu-dhabi,24.467222,54.603056,RACE,united-arab-emirates,97
1031,2020,13,19,Gearbox,esteban-ocon,renault,renault,pirelli,27,False,12,imola,emilia-romagna,44.341111,11.713333,RACE,italy,159
998,2019,1,19,Accident damage,daniel-ricciardo,renault,renault,pirelli,28,False,12,melbourne,australia,-37.849722,144.968333,STREET,australia,257
1011,2019,14,19,Oil leak,daniil-kvyat,toro-rosso,honda,pirelli,29,False,12,monza,italy,45.620556,9.289444,RACE,italy,110
1037,2021,2,19,Collision,george-russell,williams,mercedes,pirelli,30,False,12,imola,emilia-romagna,44.341111,11.713333,RACE,italy,131
976,2017,20,19,Wheel,carlos-sainz-jr,renault,renault,pirelli,31,False,12,yas-marina,abu-dhabi,24.467222,54.603056,RACE,united-arab-emirates,209
1126,2025,1,17,Accident,fernando-alonso,aston-martin,mercedes,pirelli,32,False,12,melbourne,australia,-37.849722,144.968333,STREET,australia,405
929,2015,13,17,Gearbox,fernando-alonso,mclaren,honda,bridgestone,33,False,12,marina-bay,singapore,1.291531,103.86385,STREET,singapore,405
1106,2024,5,18,Collision,daniel-ricciardo,rb,honda-rbpt,pirelli,33,False,12,shanghai,china,31.338889,121.219722,RACE,china,257
924,2015,8,16,Electrical,carlos-sainz-jr,toro-rosso,renault,bridgestone,35,False,12,spielberg,austria,47.219722,14.764722,RACE,austria,209
1073,2022,16,18,Engine,lance-stroll,aston-martin,mercedes,pirelli,39,False,12,monza,italy,45.620556,9.289444,RACE,italy,169
950,2016,15,19,Brakes,jenson-button,mclaren,honda,pirelli,43,False,12,marina-bay,singapore,1.291531,103.86385,STREET,singapore,306
921,2015,5,19,Collision damage,pastor-maldonado,lotus-f1,mercedes,bridgestone,45,False,12,catalunya,spain,41.57,2.261111,RACE,spain,95
1018,2019,21,20,Brakes,lance-stroll,racing-point,bwt-mercedes,pirelli,45,False,12,yas-marina,abu-dhabi,24.467222,54.603056,RACE,united-arab-emirates,169
918,2015,2,16,Brakes,pastor-maldonado,lotus-f1,mercedes,bridgestone,47,False,12,sepang,malaysia,2.760556,101.7375,RACE,malaysia,95
1012,2019,15,18,Collision,kimi-raikkonen,alfa-romeo,ferrari,pirelli,49,False,12,marina-bay,singapore,1.291531,103.86385,STREET,singapore,350
957,2017,1,14,Broken floor,fernando-alonso,mclaren,honda,pirelli,50,False,12,melbourne,australia,-37.849722,144.968333,STREET,australia,405
987,2018,11,19,Oil leak,sergey-sirotkin,williams,mercedes,pirelli,51,False,12,hockenheimring,germany,49.327778,8.565833,RACE,germany,21
1030,2020,12,20,Collision damage,lance-stroll,racing-point,bwt-mercedes,pirelli,51,False,12,portimao,portugal,37.221944,-8.629444,RACE,portugal,169
1110,2024,9,16,Collision,carlos-sainz-jr,ferrari,ferrari,pirelli,52,False,12,montreal,canada,45.500578,-73.522461,STREET,canada,209
974,2017,18,17,Engine,marcus-ericsson,sauber,ferrari,pirelli,55,False,12,mexico-city,mexico,19.404197,-99.088747,RACE,mexico,97
926,2015,10,17,Fuel pressure,carlos-sainz-jr,toro-rosso,renault,bridgestone,60,False,12,hungaroring,hungary,47.582222,19.251111,RACE,hungary,209
955,2016,20,17,Electrical,esteban-gutierrez,haas,ferrari,pirelli,60,False,12,interlagos,brazil,-23.701111,-46.697222,RACE,brazil,59
962,2017,6,16,Accident,stoffel-vandoorne,mclaren,honda,pirelli,66,False,12,monaco,monaco,43.734722,7.420556,STREET,monaco,41
935,2015,19,20,Collision,pastor-maldonado,lotus-f1,mercedes,bridgestone,0,False,13,yas-marina,abu-dhabi,24.467222,54.603056,RACE,united-arab-emirates,95
939,2016,4,21,Collision,nico-hulkenberg,force-india,mercedes,pirelli,0,False,13,sochi,russia,43.410278,39.968271,ROAD,russia,230
963,2017,7,20,Collision,carlos-sainz-jr,toro-rosso,toro-rosso,pirelli,0,False,13,montreal,canada,45.500578,-73.522461,STREET,canada,209
966,2017,10,19,Collision,carlos-sainz-jr,toro-rosso,toro-rosso,pirelli,0,False,13,silverstone,great-britain,52.078611,-1.016944,RACE,united-kingdom,209
975,2017,19,20,Collision,kevin-magnussen,haas,ferrari,pirelli,0,False,13,interlagos,brazil,-23.701111,-46.697222,RACE,brazil,185
1099,2023,20,19,Collision,alexander-albon,williams,mercedes,pirelli,0,False,13,interlagos,sao-paulo,-23.701111,-46.697222,RACE,brazil,107
994,2018,18,18,Collision,fernando-alonso,mclaren,renault,pirelli,1,False,13,austin,united-states,30.132778,-97.641111,RACE,united-states-of-america,405
1071,2022,14,19,Accident,valtteri-bottas,alfa-romeo,ferrari,pirelli,1,False,13,spa-francorchamps,belgium,50.437222,5.971389,RACE,belgium,246
1033,2020,15,19,Collision,lance-stroll,racing-point,bwt-mercedes,pirelli,2,False,13,bahrain,bahrain,26.0325,50.510556,RACE,bahrain,169
925,2015,9,16,Spun off,max-verstappen,toro-rosso,renault,bridgestone,3,False,13,silverstone,great-britain,52.078611,-1.016944,RACE,united-kingdom,212
1127,2025,2,17,Brakes,fernando-alonso,aston-martin,mercedes,pirelli,4,False,13,shanghai,china,31.338889,121.219722,RACE,china,405
1066,2022,9,20,Gearbox,sergio-perez,red-bull,rbpt,pirelli,7,False,13,montreal,canada,45.500578,-73.522461,STREET,canada,281
937,2016,2,19,Brakes,esteban-gutierrez,haas,ferrari,pirelli,9,False,13,bahrain,bahrain,26.0325,50.510556,RACE,bahrain,59
990,2018,14,18,Electrical,fernando-alonso,mclaren,renault,pirelli,9,False,13,monza,italy,45.620556,9.289444,RACE,italy,405
1089,2023,10,20,Oil leak,esteban-ocon,alpine,renault,pirelli,9,False,13,silverstone,great-britain,52.078611,-1.016944,RACE,united-kingdom,159
970,2017,14,16,Accident,daniil-kvyat,toro-rosso,toro-rosso,pirelli,10,False,13,marina-bay,singapore,1.291531,103.86385,STREET,singapore,110
1008,2019,11,19,Exhaust,daniel-ricciardo,renault,renault,pirelli,13,False,13,hockenheimring,germany,49.327778,8.565833,RACE,germany,257
1121,2024,20,18,Brakes,fernando-alonso,aston-martin,mercedes,pirelli,15,False,13,mexico-city,mexico,19.404197,-99.088747,RACE,mexico,405
945,2016,10,20,Transmission,romain-grosjean,haas,ferrari,pirelli,17,False,13,silverstone,great-britain,52.078611,-1.016944,RACE,united-kingdom,179
1064,2022,7,20,Water pressure,kevin-magnussen,haas,ferrari,pirelli,19,False,13,monaco,monaco,43.734722,7.420556,STREET,monaco,185
1026,2020,8,18,Accident,charles-leclerc,ferrari,ferrari,pirelli,23,False,13,monza,italy,45.620556,9.289444,RACE,italy,150
1110,2024,9,20,Accident,logan-sargeant,williams,mercedes,pirelli,23,False,13,montreal,canada,45.500578,-73.522461,STREET,canada,36
964,2017,8,17,Accident,nico-hulkenberg,renault,renault,pirelli,24,False,13,baku,azerbaijan,40.3725,49.853333,STREET,azerbaijan,230
921,2015,5,20,Brakes,fernando-alonso,mclaren,honda,bridgestone,26,False,13,catalunya,spain,41.57,2.261111,RACE,spain,405
949,2016,14,20,Oil leak,pascal-wehrlein,manor,mercedes,pirelli,26,False,13,monza,italy,45.620556,9.289444,RACE,italy,39
1095,2023,16,16,Undertray,alexander-albon,williams,mercedes,pirelli,26,False,13,suzuka,japan,34.843056,136.540556,RACE,japan,107
984,2018,8,18,Engine,sergio-perez,force-india,mercedes,pirelli,27,False,13,paul-ricard,france,43.250556,5.791667,RACE,france,281
996,2018,20,19,Overheating,nico-hulkenberg,renault,renault,pirelli,32,False,13,interlagos,brazil,-23.701111,-46.697222,RACE,brazil,230
958,2017,2,16,Driveshaft,fernando-alonso,mclaren,honda,pirelli,33,False,13,shanghai,china,31.338889,121.219722,RACE,china,405
981,2018,5,16,Oil leak,esteban-ocon,force-india,mercedes,pirelli,38,False,13,catalunya,spain,41.57,2.261111,RACE,spain,159
995,2018,19,18,Brakes,sergio-perez,force-india,mercedes,pirelli,38,False,13,mexico-city,mexico,19.404197,-99.088747,RACE,mexico,281
951,2016,16,19,Wheel,esteban-gutierrez,haas,ferrari,pirelli,39,False,13,sepang,malaysia,2.760556,101.7375,RACE,malaysia,59
922,2015,6,19,Gearbox,fernando-alonso,mclaren,honda,bridgestone,41,False,13,monaco,monaco,43.734722,7.420556,STREET,monaco,405
943,2016,8,19,Gearbox,fernando-alonso,mclaren,honda,pirelli,42,False,13,baku,europe,40.3725,49.853333,STREET,azerbaijan,405
923,2015,7,20,Exhaust,fernando-alonso,mclaren,honda,bridgestone,44,False,13,montreal,canada,45.500578,-73.522461,STREET,canada,405
955,2016,20,18,Accident,felipe-massa,williams,mercedes,pirelli,46,False,13,interlagos,brazil,-23.701111,-46.697222,RACE,brazil,269
1098,2023,19,18,Collision damage,fernando-alonso,aston-martin,mercedes,pirelli,47,False,13,mexico-city,mexico,19.404197,-99.088747,RACE,mexico,405
1077,2022,20,20,Collision damage,yuki-tsunoda,alphatauri,rbpt,pirelli,50,False,13,mexico-city,mexico,19.404197,-99.088747,RACE,mexico,90
1031,2020,13,16,Accident,george-russell,williams,mercedes,pirelli,51,False,13,imola,emilia-romagna,44.341111,11.713333,RACE,italy,131
926,2015,10,19,Brakes,sergio-perez,force-india,mercedes,bridgestone,53,False,13,hungaroring,hungary,47.582222,19.251111,RACE,hungary,281
1004,2019,7,19,Collision damage,alexander-albon,toro-rosso,honda,pirelli,59,False,13,montreal,canada,45.500578,-73.522461,STREET,canada,107
924,2015,8,19,Collision,kimi-raikkonen,ferrari,ferrari,bridgestone,0,False,14,spielberg,austria,47.219722,14.764722,RACE,austria,350
925,2015,9,18,Collision damage,pastor-maldonado,lotus-f1,mercedes,bridgestone,0,False,14,silverstone,great-britain,52.078611,-1.016944,RACE,united-kingdom,95
984,2018,8,20,Collision,pierre-gasly,toro-rosso,honda,pirelli,0,False,14,paul-ricard,france,43.250556,5.791667,RACE,france,156
989,2018,13,19,Collision,fernando-alonso,mclaren,renault,pirelli,0,False,14,spa-francorchamps,belgium,50.437222,5.971389,RACE,belgium,405
1037,2021,2,20,Accident,nicholas-latifi,williams,mercedes,pirelli,0,False,14,imola,emilia-romagna,44.341111,11.713333,RACE,italy,61
1053,2021,18,19,Collision,mick-schumacher,haas,ferrari,pirelli,0,False,14,mexico-city,mexico,19.404197,-99.088747,RACE,mexico,43
1105,2024,4,20,Collision,alexander-albon,williams,mercedes,pirelli,0,False,14,suzuka,japan,34.843056,136.540556,RACE,japan,107
1126,2025,1,19,Accident,jack-doohan,alpine,renault,pirelli,0,False,14,melbourne,australia,-37.849722,144.968333,STREET,australia,4
948,2016,13,20,Puncture damage,carlos-sainz-jr,toro-rosso,ferrari,pirelli,1,False,14,spa-francorchamps,belgium,50.437222,5.971389,RACE,belgium,209
1022,2020,4,19,Collision,kevin-magnussen,haas,ferrari,pirelli,1,False,14,silverstone,great-britain,52.078611,-1.016944,RACE,united-kingdom,185
973,2017,17,19,Collision damage,pascal-wehrlein,sauber,ferrari,pirelli,5,False,14,austin,united-states,30.132778,-97.641111,RACE,united-states-of-america,39
937,2016,2,20,Engine,jenson-button,mclaren,honda,pirelli,6,False,14,bahrain,bahrain,26.0325,50.510556,RACE,bahrain,306
1074,2022,17,20,Collision,guanyu-zhou,alfa-romeo,ferrari,pirelli,6,False,14,marina-bay,singapore,1.291531,103.86385,STREET,singapore,68
1007,2019,10,19,Collision damage,romain-grosjean,haas,ferrari,pirelli,9,False,14,silverstone,great-britain,52.078611,-1.016944,RACE,united-kingdom,179
980,2018,4,18,Accident,nico-hulkenberg,renault,renault,pirelli,10,False,14,baku,azerbaijan,40.3725,49.853333,STREET,azerbaijan,230
953,2016,18,21,Brakes,esteban-gutierrez,haas,ferrari,pirelli,16,False,14,austin,united-states,30.132778,-97.641111,RACE,united-states-of-america,59
951,2016,16,20,Power loss,kevin-magnussen,renault,renault,pirelli,17,False,14,sepang,malaysia,2.760556,101.7375,RACE,malaysia,185
967,2017,11,19,Wheel nut,romain-grosjean,haas,ferrari,pirelli,20,False,14,hungaroring,hungary,47.582222,19.251111,RACE,hungary,179
957,2017,1,18,Hydraulics,marcus-ericsson,sauber,ferrari,pirelli,21,False,14,melbourne,australia,-37.849722,144.968333,STREET,australia,97
1065,2022,8,18,Hydraulics,guanyu-zhou,alfa-romeo,ferrari,pirelli,23,False,14,baku,azerbaijan,40.3725,49.853333,STREET,azerbaijan,68
932,2015,16,15,Electrical,marcus-ericsson,sauber,ferrari,bridgestone,25,False,14,austin,united-states,30.132778,-97.641111,RACE,united-states-of-america,97
971,2017,15,19,Engine,carlos-sainz-jr,toro-rosso,toro-rosso,pirelli,29,False,14,sepang,malaysia,2.760556,101.7375,RACE,malaysia,209
1050,2021,15,20,Oil leak,mick-schumacher,haas,ferrari,pirelli,32,False,14,sochi,russia,43.410278,39.968271,ROAD,russia,43
1057,2021,22,17,Hydraulics,antonio-giovinazzi,alfa-romeo,ferrari,pirelli,33,False,14,yas-marina,abu-dhabi,24.467222,54.603056,RACE,united-arab-emirates,62
1059,2022,2,17,Gearbox,daniel-ricciardo,mclaren,mercedes,pirelli,35,False,14,jeddah,saudi-arabia,21.543333,39.172778,STREET,saudi-arabia,257
1001,2019,4,18,Brakes,romain-grosjean,haas,ferrari,pirelli,38,False,14,baku,azerbaijan,40.3725,49.853333,STREET,azerbaijan,179
983,2018,7,18,Exhaust,fernando-alonso,mclaren,renault,pirelli,40,False,14,montreal,canada,45.500578,-73.522461,STREET,canada,405
1054,2021,19,20,Collision damage,lance-stroll,aston-martin,mercedes,pirelli,47,False,14,interlagos,sao-paulo,-23.701111,-46.697222,RACE,brazil,169
1048,2021,13,19,Engine,yuki-tsunoda,alphatauri,honda,pirelli,48,False,14,zandvoort,netherlands,52.388819,4.540922,RACE,netherlands,90
1108,2024,7,20,Withdrew,alexander-albon,williams,mercedes,pirelli,51,False,14,imola,emilia-romagna,44.341111,11.713333,RACE,italy,107
1085,2023,6,20,Accident damage,lance-stroll,aston-martin,mercedes,pirelli,53,False,14,monaco,monaco,43.734722,7.420556,STREET,monaco,169
940,2016,5,18,Brakes,romain-grosjean,haas,ferrari,pirelli,56,False,14,catalunya,spain,41.57,2.261111,RACE,spain,179
1015,2019,18,19,Overheating,kimi-raikkonen,alfa-romeo,ferrari,pirelli,58,False,14,mexico-city,mexico,19.404197,-99.088747,RACE,mexico,350
948,2016,13,22,Collision,pascal-wehrlein,manor,mercedes,pirelli,0,False,15,spa-francorchamps,belgium,50.437222,5.971389,RACE,belgium,39
1094,2023,15,19,Collision,yuki-tsunoda,alphatauri,honda-rbpt,pirelli,0,False,15,marina-bay,singapore,1.291531,103.86385,STREET,singapore,90
1010,2019,13,19,Power loss,carlos-sainz-jr,mclaren,renault,pirelli,1,False,15,spa-francorchamps,belgium,50.437222,5.971389,RACE,belgium,209
1038,2021,3,20,Collision,kimi-raikkonen,alfa-romeo,ferrari,pirelli,1,False,15,portimao,portugal,37.221944,-8.629444,RACE,portugal,350
1090,2023,11,20,Collision,pierre-gasly,alpine,renault,pirelli,1,False,15,hungaroring,hungary,47.582222,19.251111,RACE,hungary,156
978,2018,2,19,Transmission,max-verstappen,red-bull,tag-heuer,pirelli,3,False,15,bahrain,bahrain,26.0325,50.510556,RACE,bahrain,212
1124,2024,23,18,Collision damage,lance-stroll,aston-martin,mercedes,pirelli,8,False,15,lusail,qatar,25.49,51.454167,RACE,qatar,169
1025,2020,7,19,Collision,george-russell,williams,mercedes,pirelli,9,False,15,spa-francorchamps,belgium,50.437222,5.971389,RACE,belgium,131
1003,2019,6,20,Puncture,charles-leclerc,ferrari,ferrari,pirelli,16,False,15,monaco,monaco,43.734722,7.420556,STREET,monaco,150
958,2017,2,18,Fuel pressure,stoffel-vandoorne,mclaren,honda,pirelli,17,False,15,shanghai,china,31.338889,121.219722,RACE,china,41
1026,2020,8,19,Power unit,kevin-magnussen,haas,ferrari,pirelli,17,False,15,monza,italy,45.620556,9.289444,RACE,italy,185
1064,2022,7,19,Accident,mick-schumacher,haas,ferrari,pirelli,24,False,15,monaco,monaco,43.734722,7.420556,STREET,monaco,43
1063,2022,6,19,Power loss,guanyu-zhou,alfa-romeo,ferrari,pirelli,28,False,15,catalunya,spain,41.57,2.261111,RACE,spain,68
965,2017,9,18,Hydraulics,kevin-magnussen,haas,ferrari,pirelli,29,False,15,spielberg,austria,47.219722,14.764722,RACE,austria,185
986,2018,10,18,Accident,marcus-ericsson,sauber,ferrari,pirelli,31,False,15,silverstone,great-britain,52.078611,-1.016944,RACE,united-kingdom,97
920,2015,4,18,Electrical,max-verstappen,toro-rosso,renault,bridgestone,34,False,15,bahrain,bahrain,26.0325,50.510556,RACE,bahrain,212
1083,2023,4,19,Overheating,guanyu-zhou,alfa-romeo,ferrari,pirelli,36,False,15,baku,azerbaijan,40.3725,49.853333,STREET,azerbaijan,68
1067,2022,10,15,Fuel pump,esteban-ocon,alpine,renault,pirelli,37,False,15,silverstone,great-britain,52.078611,-1.016944,RACE,united-kingdom,159
936,2016,1,17,Transmission,marcus-ericsson,sauber,ferrari,pirelli,38,False,15,melbourne,australia,-37.849722,144.968333,STREET,australia,97
1096,2023,17,18,Unwell,logan-sargeant,williams,mercedes,pirelli,40,False,15,lusail,qatar,25.49,51.454167,RACE,qatar,36
1012,2019,15,19,Oil leak,sergio-perez,racing-point,bwt-mercedes,pirelli,42,False,15,marina-bay,singapore,1.291531,103.86385,STREET,singapore,281
972,2017,16,16,Suspension,lance-stroll,williams,mercedes,pirelli,45,False,15,suzuka,japan,34.843056,136.540556,RACE,japan,169
1126,2025,1,16,Accident,gabriel-bortoleto,kick-sauber,ferrari,pirelli,45,False,15,melbourne,australia,-37.849722,144.968333,STREET,australia,3
988,2018,12,18,Gearbox,stoffel-vandoorne,mclaren,renault,pirelli,49,False,15,hungaroring,hungary,47.582222,19.251111,RACE,hungary,41
1019,2020,1,16,Brakes,romain-grosjean,haas,ferrari,pirelli,49,False,15,spielberg,austria,47.219722,14.764722,RACE,austria,179
929,2015,13,16,Gearbox,jenson-button,mclaren,honda,bridgestone,52,False,15,marina-bay,singapore,1.291531,103.86385,STREET,singapore,306
933,2015,17,17,Brakes,felipe-nasr,sauber,ferrari,bridgestone,57,False,15,mexico-city,mexico,19.404197,-99.088747,RACE,mexico,39
1092,2023,13,18,Accident,guanyu-zhou,alfa-romeo,ferrari,pirelli,62,False,15,zandvoort,netherlands,52.388819,4.540922,RACE,netherlands,68
931,2015,15,20,Collision,marcus-ericsson,sauber,ferrari,bridgestone,0,False,16,sochi,russia,43.410278,39.968271,ROAD,russia,97
954,2016,19,22,Collision,pascal-wehrlein,manor,mercedes,pirelli,0,False,16,mexico-city,mexico,19.404197,-99.088747,RACE,mexico,39
960,2017,4,18,Collision,jolyon-palmer,renault,renault,pirelli,0,False,16,sochi,russia,43.410278,39.968271,ROAD,russia,35
981,2018,5,20,Collision,nico-hulkenberg,renault,renault,pirelli,0,False,16,catalunya,spain,41.57,2.261111,RACE,spain,230
983,2018,7,20,Collision,lance-stroll,williams,mercedes,pirelli,0,False,16,montreal,canada,45.500578,-73.522461,STREET,canada,169
988,2018,12,20,Suspension,charles-leclerc,sauber,ferrari,pirelli,0,False,16,hungaroring,hungary,47.582222,19.251111,RACE,hungary,150
990,2018,14,19,Collision,brendon-hartley,toro-rosso,honda,pirelli,0,False,16,monza,italy,45.620556,9.289444,RACE,italy,25
1027,2020,9,20,Collision,pierre-gasly,alphatauri,honda,pirelli,0,False,16,mugello,tuscany,43.9975,11.371944,RACE,italy,156
1067,2022,10,20,Collision,alexander-albon,williams,mercedes,pirelli,0,False,16,silverstone,great-britain,52.078611,-1.016944,RACE,united-kingdom,107
1075,2022,18,20,Collision damage,alexander-albon,williams,mercedes,pirelli,0,False,16,suzuka,japan,34.843056,136.540556,RACE,japan,107
1109,2024,8,18,Collision,sergio-perez,red-bull,honda-rbpt,pirelli,0,False,16,monaco,monaco,43.734722,7.420556,STREET,monaco,281
932,2015,16,19,Suspension,valtteri-bottas,williams,mercedes,bridgestone,5,False,16,austin,united-states,30.132778,-97.641111,RACE,united-states-of-america,246
974,2017,18,20,Turbo,daniel-ricciardo,red-bull,tag-heuer,pirelli,5,False,16,mexico-city,mexico,19.404197,-99.088747,RACE,mexico,257
1007,2019,10,20,Collision damage,kevin-magnussen,haas,ferrari,pirelli,6,False,16,silverstone,great-britain,52.078611,-1.016944,RACE,united-kingdom,185
1039,2021,4,20,Electrical,yuki-tsunoda,alphatauri,honda,pirelli,6,False,16,catalunya,spain,41.57,2.261111,RACE,spain,90
972,2017,16,18,Accident,marcus-ericsson,sauber,ferrari,pirelli,7,False,16,suzuka,japan,34.843056,136.540556,RACE,japan,97
1095,2023,16,20,Undertray,valtteri-bottas,alfa-romeo,ferrari,pirelli,7,False,16,suzuka,japan,34.843056,136.540556,RACE,japan,246
1117,2024,16,20,Overheating,yuki-tsunoda,rb,honda-rbpt,pirelli,7,False,16,monza,italy,45.620556,9.289444,RACE,italy,90
919,2015,3,20,Gearbox,nico-hulkenberg,force-india,mercedes,bridgestone,9,False,16,shanghai,china,31.338889,121.219722,RACE,china,230
959,2017,3,16,Collision,carlos-sainz-jr,toro-rosso,toro-rosso,pirelli,12,False,16,bahrain,bahrain,26.0325,50.510556,RACE,bahrain,209
942,2016,7,21,Water leak,jolyon-palmer,renault,renault,pirelli,16,False,16,montreal,canada,45.500578,-73.522461,STREET,canada,35
955,2016,20,19,Collision damage,jolyon-palmer,renault,renault,pirelli,20,False,16,interlagos,brazil,-23.701111,-46.697222,RACE,brazil,35
1019,2020,1,17,Brakes,kevin-magnussen,haas,ferrari,pirelli,24,False,16,spielberg,austria,47.219722,14.764722,RACE,austria,185
1122,2024,21,17,Accident,franco-colapinto,williams,mercedes,pirelli,30,False,16,interlagos,sao-paulo,-23.701111,-46.697222,RACE,brazil,9
1065,2022,8,17,Power unit,kevin-magnussen,haas,ferrari,pirelli,31,False,16,baku,azerbaijan,40.3725,49.853333,STREET,azerbaijan,185
1098,2023,19,19,Accident,kevin-magnussen,haas,ferrari,pirelli,31,False,16,mexico-city,mexico,19.404197,-99.088747,RACE,mexico,185
941,2016,6,19,Collision damage,kevin-magnussen,renault,renault,pirelli,32,False,16,monaco,monaco,43.734722,7.420556,STREET,monaco,185
949,2016,14,19,Battery,daniil-kvyat,toro-rosso,ferrari,pirelli,36,False,16,monza,italy,45.620556,9.289444,RACE,italy,110
986,2018,10,17,Collision,carlos-sainz-jr,renault,renault,pirelli,37,False,16,silverstone,great-britain,52.078611,-1.016944,RACE,united-kingdom,209
993,2018,17,19,Engine,nico-hulkenberg,renault,renault,pirelli,37,False,16,suzuka,japan,34.843056,136.540556,RACE,japan,230
1049,2021,14,16,Power unit,nikita-mazepin,haas,ferrari,pirelli,41,False,16,monza,italy,45.620556,9.289444,RACE,italy,21
1002,2019,5,19,Collision,lance-stroll,racing-point,bwt-mercedes,pirelli,44,False,16,catalunya,spain,41.57,2.261111,RACE,spain,169
1005,2019,8,20,Retirement,romain-grosjean,haas,ferrari,pirelli,44,False,16,paul-ricard,france,43.250556,5.791667,RACE,france,179
1064,2022,7,18,Mechanical,alexander-albon,williams,mercedes,pirelli,48,False,16,monaco,monaco,43.734722,7.420556,STREET,monaco,107
970,2017,14,13,Engine,kevin-magnussen,haas,ferrari,pirelli,50,False,16,marina-bay,singapore,1.291531,103.86385,STREET,singapore,185
1057,2021,22,16,Accident,nicholas-latifi,williams,mercedes,pirelli,50,False,16,yas-marina,abu-dhabi,24.467222,54.603056,RACE,united-arab-emirates,61
1094,2023,15,17,Hydraulics,valtteri-bottas,alfa-romeo,ferrari,pirelli,51,False,16,marina-bay,singapore,1.291531,103.86385,STREET,singapore,246
1110,2024,9,18,Accident,sergio-perez,red-bull,honda-rbpt,pirelli,51,False,16,montreal,canada,45.500578,-73.522461,STREET,canada,281
1034,2020,16,18,Oil leak,nicholas-latifi,williams,mercedes,pirelli,52,False,16,bahrain,sakhir,26.0325,50.510556,RACE,bahrain,61
1072,2022,15,19,Engine,valtteri-bottas,alfa-romeo,ferrari,pirelli,53,False,16,zandvoort,netherlands,52.388819,4.540922,RACE,netherlands,246
923,2015,7,18,Driveshaft,roberto-merhi,marussia,ferrari,bridgestone,57,False,16,montreal,canada,45.500578,-73.522461,STREET,canada,13
1044,2021,9,20,Collision,esteban-ocon,alpine,renault,pirelli,0,False,17,spielberg,austria,47.219722,14.764722,RACE,austria,159
1053,2021,18,20,Collision,yuki-tsunoda,alphatauri,honda,pirelli,0,False,17,mexico-city,mexico,19.404197,-99.088747,RACE,mexico,90
924,2015,8,18,Oil leak,will-stevens,marussia,ferrari,bridgestone,1,False,17,spielberg,austria,47.219722,14.764722,RACE,austria,18
1120,2024,19,20,Spun off,lewis-hamilton,mercedes,mercedes,pirelli,1,False,17,austin,united-states,30.132778,-97.641111,RACE,united-states-of-america,359
992,2018,16,19,Brakes,pierre-gasly,toro-rosso,honda,pirelli,4,False,17,sochi,russia,43.410278,39.968271,ROAD,russia,156
977,2018,1,19,Hydraulics,marcus-ericsson,sauber,ferrari,pirelli,5,False,17,melbourne,australia,-37.849722,144.968333,STREET,australia,97
1027,2020,9,17,Collision,antonio-giovinazzi,alfa-romeo,ferrari,pirelli,5,False,17,mugello,tuscany,43.9975,11.371944,RACE,italy,62
1026,2020,8,20,Brakes,sebastian-vettel,ferrari,ferrari,pirelli,6,False,17,monza,italy,45.620556,9.289444,RACE,italy,299
1029,2020,11,20,Collision,george-russell,williams,mercedes,pirelli,12,False,17,nurburgring,eifel,50.335556,6.9475,RACE,germany,131
956,2016,21,19,Gearbox,daniil-kvyat,toro-rosso,ferrari,pirelli,14,False,17,yas-marina,abu-dhabi,24.467222,54.603056,RACE,united-arab-emirates,110
1095,2023,16,18,Rear wing,lance-stroll,aston-martin,mercedes,pirelli,20,False,17,suzuka,japan,34.843056,136.540556,RACE,japan,169
1060,2022,3,19,Accident,sebastian-vettel,aston-martin,mercedes,pirelli,22,False,17,melbourne,australia,-37.849722,144.968333,STREET,australia,299
1123,2024,22,19,Turbo,alexander-albon,williams,mercedes,pirelli,25,False,17,las-vegas,las-vegas,36.175,-115.136389,STREET,united-states-of-america,107
1057,2021,22,18,Gearbox,george-russell,williams,mercedes,pirelli,26,False,17,yas-marina,abu-dhabi,24.467222,54.603056,RACE,united-arab-emirates,131
1074,2022,17,16,Engine,esteban-ocon,alpine,renault,pirelli,26,False,17,marina-bay,singapore,1.291531,103.86385,STREET,singapore,159
1013,2019,16,17,Wheel nut,george-russell,williams,mercedes,pirelli,27,False,17,sochi,russia,43.410278,39.968271,ROAD,russia,131
1081,2023,2,19,Brakes,alexander-albon,williams,mercedes,pirelli,27,False,17,jeddah,saudi-arabia,21.543333,39.172778,STREET,saudi-arabia,107
1107,2024,6,20,Collision,logan-sargeant,williams,mercedes,pirelli,27,False,17,miami,miami,25.958056,-80.238889,STREET,united-states-of-america,36
969,2017,13,20,Transmission,jolyon-palmer,renault,renault,pirelli,29,False,17,monza,italy,45.620556,9.289444,RACE,italy,35
974,2017,18,18,Engine,brendon-hartley,toro-rosso,toro-rosso,pirelli,30,False,17,mexico-city,mexico,19.404197,-99.088747,RACE,mexico,25
943,2016,8,20,Brakes,pascal-wehrlein,manor,mercedes,pirelli,39,False,17,baku,europe,40.3725,49.853333,STREET,azerbaijan,39
918,2015,2,17,Turbo,jenson-button,mclaren,honda,bridgestone,41,False,17,sepang,malaysia,2.760556,101.7375,RACE,malaysia,306
1023,2020,5,20,Tyre shortage,kevin-magnussen,haas,ferrari,pirelli,43,False,17,silverstone,great-britain,52.078611,-1.016944,RACE,united-kingdom,185
957,2017,1,15,Suspension,kevin-magnussen,haas,ferrari,pirelli,46,False,17,melbourne,australia,-37.849722,144.968333,STREET,australia,185
997,2018,21,16,Engine,pierre-gasly,toro-rosso,honda,pirelli,46,False,17,yas-marina,abu-dhabi,24.467222,54.603056,RACE,united-arab-emirates,156
1031,2020,13,18,Gearbox,kevin-magnussen,haas,ferrari,pirelli,47,False,17,imola,emilia-romagna,44.341111,11.713333,RACE,italy,185
1068,2022,11,19,Undertray,nicholas-latifi,williams,mercedes,pirelli,48,False,17,spielberg,austria,47.219722,14.764722,RACE,austria,61
1019,2020,1,15,Fuel pressure,george-russell,williams,mercedes,pirelli,49,False,17,spielberg,austria,47.219722,14.764722,RACE,austria,131
1032,2020,14,18,Collision damage,romain-grosjean,haas,ferrari,pirelli,49,False,17,istanbul,turkey,40.951667,29.405,RACE,turkey,179
1055,2021,20,19,Puncture,nicholas-latifi,williams,mercedes,pirelli,50,False,17,lusail,qatar,25.49,51.454167,RACE,qatar,61
941,2016,6,16,Collision damage,marcus-ericsson,sauber,ferrari,pirelli,51,False,17,monaco,monaco,43.734722,7.420556,STREET,monaco,97
987,2018,11,17,Brakes,lance-stroll,williams,mercedes,pirelli,53,False,17,hockenheimring,germany,49.327778,8.565833,RACE,germany,169
925,2015,9,19,Collision,jenson-button,mclaren,honda,bridgestone,0,False,18,silverstone,great-britain,52.078611,-1.016944,RACE,united-kingdom,306
989,2018,13,20,Collision,nico-hulkenberg,renault,renault,pirelli,0,False,18,spa-francorchamps,belgium,50.437222,5.971389,RACE,belgium,230
933,2015,17,20,Power unit,fernando-alonso,mclaren,honda,bridgestone,1,False,18,mexico-city,mexico,19.404197,-99.088747,RACE,mexico,405
1103,2024,2,20,Gearbox,pierre-gasly,alpine,renault,pirelli,1,False,18,jeddah,saudi-arabia,21.543333,39.172778,STREET,saudi-arabia,156
968,2017,12,20,Suspension,pascal-wehrlein,sauber,ferrari,pirelli,2,False,18,spa-francorchamps,belgium,50.437222,5.971389,RACE,belgium,39
958,2017,2,19,Accident,antonio-giovinazzi,sauber,ferrari,pirelli,3,False,18,shanghai,china,31.338889,121.219722,RACE,china,62
973,2017,17,20,Engine,nico-hulkenberg,renault,renault,pirelli,3,False,18,austin,united-states,30.132778,-97.641111,RACE,united-states-of-america,230
956,2016,21,22,Suspension,kevin-magnussen,renault,renault,pirelli,5,False,18,yas-marina,abu-dhabi,24.467222,54.603056,RACE,united-arab-emirates,185
949,2016,14,22,Collision damage,felipe-nasr,sauber,ferrari,pirelli,6,False,18,monza,italy,45.620556,9.289444,RACE,italy,39
1087,2023,8,20,Oil leak,logan-sargeant,williams,mercedes,pirelli,6,False,18,montreal,canada,45.500578,-73.522461,STREET,canada,36
941,2016,6,22,Accident,jolyon-palmer,renault,renault,pirelli,7,False,18,monaco,monaco,43.734722,7.420556,STREET,monaco,35
998,2019,1,20,Power unit,carlos-sainz-jr,mclaren,renault,pirelli,9,False,18,melbourne,australia,-37.849722,144.968333,STREET,australia,209
1025,2020,7,18,Accident,antonio-giovinazzi,alfa-romeo,ferrari,pirelli,9,False,18,spa-francorchamps,belgium,50.437222,5.971389,RACE,belgium,62
1083,2023,4,20,Accident,nyck-de-vries,alphatauri,honda-rbpt,pirelli,9,False,18,baku,azerbaijan,40.3725,49.853333,STREET,azerbaijan,11
1080,2023,1,20,Electrical,oscar-piastri,mclaren,mercedes,pirelli,13,False,18,bahrain,bahrain,26.0325,50.510556,RACE,bahrain,49
1059,2022,2,18,Accident,nicholas-latifi,williams,mercedes,pirelli,14,False,18,jeddah,saudi-arabia,21.543333,39.172778,STREET,saudi-arabia,61
918,2015,2,18,Power unit,fernando-alonso,mclaren,honda,bridgestone,21,False,18,sepang,malaysia,2.760556,101.7375,RACE,malaysia,405
932,2015,16,16,Brakes,kimi-raikkonen,ferrari,ferrari,bridgestone,25,False,18,austin,united-states,30.132778,-97.641111,RACE,united-states-of-america,350
1057,2021,22,19,Brakes,kimi-raikkonen,alfa-romeo,ferrari,pirelli,25,False,18,yas-marina,abu-dhabi,24.467222,54.603056,RACE,united-arab-emirates,350
1074,2022,17,17,Collision damage,alexander-albon,williams,mercedes,pirelli,25,False,18,marina-bay,singapore,1.291531,103.86385,STREET,singapore,107
1013,2019,16,16,Withdrew,robert-kubica,williams,mercedes,pirelli,28,False,18,sochi,russia,43.410278,39.968271,ROAD,russia,99
943,2016,8,21,Suspension,carlos-sainz-jr,toro-rosso,ferrari,pirelli,31,False,18,baku,europe,40.3725,49.853333,STREET,azerbaijan,209
969,2017,13,19,Electrical,stoffel-vandoorne,mclaren,honda,pirelli,33,False,18,monza,italy,45.620556,9.289444,RACE,italy,41
1012,2019,15,20,Collision,george-russell,williams,mercedes,pirelli,34,False,18,marina-bay,singapore,1.291531,103.86385,STREET,singapore,131
945,2016,10,18,Gearbox,jolyon-palmer,renault,renault,pirelli,37,False,18,silverstone,great-britain,52.078611,-1.016944,RACE,united-kingdom,35
1093,2023,14,19,Steering,esteban-ocon,alpine,renault,pirelli,39,False,18,monza,italy,45.620556,9.289444,RACE,italy,159
1099,2023,20,16,Hydraulics,valtteri-bottas,alfa-romeo,ferrari,pirelli,39,False,18,interlagos,sao-paulo,-23.701111,-46.697222,RACE,brazil,246
1124,2024,23,16,Spun off,nico-hulkenberg,haas,ferrari,pirelli,39,False,18,lusail,qatar,25.49,51.454167,RACE,qatar,230
975,2017,19,17,Engine,brendon-hartley,toro-rosso,toro-rosso,pirelli,40,False,18,interlagos,brazil,-23.701111,-46.697222,RACE,brazil,25
1069,2022,12,17,Collision damage,nicholas-latifi,williams,mercedes,pirelli,40,False,18,paul-ricard,france,43.250556,5.791667,RACE,france,61
1048,2021,13,20,Water leak,nikita-mazepin,haas,ferrari,pirelli,41,False,18,zandvoort,netherlands,52.388819,4.540922,RACE,netherlands,21
951,2016,16,17,Brakes,felipe-nasr,sauber,ferrari,pirelli,46,False,18,sepang,malaysia,2.760556,101.7375,RACE,malaysia,39
962,2017,6,19,Collision,pascal-wehrlein,sauber,ferrari,pirelli,57,False,18,monaco,monaco,43.734722,7.420556,STREET,monaco,39
924,2015,8,20,Collision,fernando-alonso,mclaren,honda,bridgestone,0,False,19,spielberg,austria,47.219722,14.764722,RACE,austria,405
960,2017,4,19,Collision,romain-grosjean,haas,ferrari,pirelli,0,False,19,sochi,russia,43.410278,39.968271,ROAD,russia,179
972,2017,16,20,Accident,carlos-sainz-jr,toro-rosso,toro-rosso,pirelli,0,False,19,suzuka,japan,34.843056,136.540556,RACE,japan,209
1033,2020,15,20,Collision,romain-grosjean,haas,ferrari,pirelli,0,False,19,bahrain,bahrain,26.0325,50.510556,RACE,bahrain,179
1036,2021,1,20,Accident,nikita-mazepin,haas,ferrari,pirelli,0,False,19,bahrain,bahrain,26.0325,50.510556,RACE,bahrain,21
1109,2024,8,19,Collision,nico-hulkenberg,haas,ferrari,pirelli,0,False,19,monaco,monaco,43.734722,7.420556,STREET,monaco,230
1124,2024,23,19,Collision,franco-colapinto,williams,mercedes,pirelli,0,False,19,lusail,qatar,25.49,51.454167,RACE,qatar,9
932,2015,16,20,Collision damage,will-stevens,marussia,ferrari,bridgestone,1,False,19,austin,united-states,30.132778,-97.641111,RACE,united-states-of-america,18
1046,2021,11,14,Collision,nikita-mazepin,haas,ferrari,pirelli,3,False,19,hungaroring,hungary,47.582222,19.251111,RACE,hungary,21
977,2018,1,20,Brakes,sergey-sirotkin,williams,mercedes,pirelli,4,False,19,melbourne,australia,-37.849722,144.968333,STREET,australia,21
1115,2024,14,19,Hydraulics,guanyu-zhou,kick-sauber,ferrari,pirelli,5,False,19,spa-francorchamps,belgium,50.437222,5.971389,RACE,belgium,68
1027,2020,9,15,Collision damage,nicholas-latifi,williams,mercedes,pirelli,6,False,19,mugello,tuscany,43.9975,11.371944,RACE,italy,61
1074,2022,17,19,Collision damage,nicholas-latifi,williams,mercedes,pirelli,7,False,19,marina-bay,singapore,1.291531,103.86385,STREET,singapore,61
1035,2020,17,20,Power unit,sergio-perez,racing-point,bwt-mercedes,pirelli,8,False,19,yas-marina,abu-dhabi,24.467222,54.603056,RACE,united-arab-emirates,281
1022,2020,4,18,Puncture,daniil-kvyat,alphatauri,honda,pirelli,11,False,19,silverstone,great-britain,52.078611,-1.016944,RACE,united-kingdom,110
957,2017,1,19,Brakes,jolyon-palmer,renault,renault,pirelli,15,False,19,melbourne,australia,-37.849722,144.968333,STREET,australia,35
933,2015,17,19,Collision,kimi-raikkonen,ferrari,ferrari,bridgestone,21,False,19,mexico-city,mexico,19.404197,-99.088747,RACE,mexico,350
990,2018,14,17,Clutch,daniel-ricciardo,red-bull,tag-heuer,pirelli,23,False,19,monza,italy,45.620556,9.289444,RACE,italy,257
945,2016,10,19,Spun off,rio-haryanto,manor,mercedes,pirelli,24,False,19,silverstone,great-britain,52.078611,-1.016944,RACE,united-kingdom,12
1008,2019,11,18,Power loss,lando-norris,mclaren,renault,pirelli,25,False,19,hockenheimring,germany,49.327778,8.565833,RACE,germany,131
1106,2024,5,19,Collision,yuki-tsunoda,rb,honda-rbpt,pirelli,26,False,19,shanghai,china,31.338889,121.219722,RACE,china,90
987,2018,11,20,Power loss,daniel-ricciardo,red-bull,tag-heuer,pirelli,27,False,19,hockenheimring,germany,49.327778,8.565833,RACE,germany,257
1041,2021,6,19,Tyre,lance-stroll,aston-martin,mercedes,pirelli,29,False,19,baku,azerbaijan,40.3725,49.853333,STREET,azerbaijan,169
1016,2019,19,19,Oil leak,robert-kubica,williams,mercedes,pirelli,31,False,19,austin,united-states,30.132778,-97.641111,RACE,united-states-of-america,99
1089,2023,10,19,Engine,kevin-magnussen,haas,ferrari,pirelli,31,False,19,silverstone,great-britain,52.078611,-1.016944,RACE,united-kingdom,185
1052,2021,17,18,Rear wing,fernando-alonso,alpine,renault,pirelli,49,False,19,austin,united-states,30.132778,-97.641111,RACE,united-states-of-america,405
959,2017,3,15,Gearbox,marcus-ericsson,sauber,ferrari,pirelli,50,False,19,bahrain,bahrain,26.0325,50.510556,RACE,bahrain,97
1019,2020,1,14,Wheel,kimi-raikkonen,alfa-romeo,ferrari,pirelli,53,False,19,spielberg,austria,47.219722,14.764722,RACE,austria,350
985,2018,9,17,Hydraulics,brendon-hartley,toro-rosso,honda,pirelli,54,False,19,spielberg,austria,47.219722,14.764722,RACE,austria,25
967,2017,11,18,Oil leak,paul-di-resta,williams,mercedes,pirelli,60,False,19,hungaroring,hungary,47.582222,19.251111,RACE,hungary,59
962,2017,6,17,Accident,marcus-ericsson,sauber,ferrari,pirelli,63,False,19,monaco,monaco,43.734722,7.420556,STREET,monaco,97
1109,2024,8,20,Collision,kevin-magnussen,haas,ferrari,pirelli,0,False,20,monaco,monaco,43.734722,7.420556,STREET,monaco,185
1124,2024,23,20,Collision,esteban-ocon,alpine,renault,pirelli,0,False,20,lusail,qatar,25.49,51.454167,RACE,qatar,159
948,2016,13,19,Gearbox,marcus-ericsson,sauber,ferrari,pirelli,3,False,20,spa-francorchamps,belgium,50.437222,5.971389,RACE,belgium,97
992,2018,16,20,Brakes,brendon-hartley,toro-rosso,honda,pirelli,4,False,20,sochi,russia,43.410278,39.968271,ROAD,russia,25
1027,2020,9,16,Collision,kevin-magnussen,haas,ferrari,pirelli,5,False,20,mugello,tuscany,43.9975,11.371944,RACE,italy,185
945,2016,10,22,Spun off,pascal-wehrlein,manor,mercedes,pirelli,6,False,20,silverstone,great-britain,52.078611,-1.016944,RACE,united-kingdom,39
949,2016,14,21,Collision damage,jolyon-palmer,renault,renault,pirelli,7,False,20,monza,italy,45.620556,9.289444,RACE,italy,35
964,2017,8,20,Engine,jolyon-palmer,renault,renault,pirelli,7,False,20,baku,azerbaijan,40.3725,49.853333,STREET,azerbaijan,35
924,2015,8,17,Electrical,jenson-button,mclaren,honda,bridgestone,8,False,20,spielberg,austria,47.219722,14.764722,RACE,austria,306
959,2017,3,19,Electrical,kevin-magnussen,haas,ferrari,pirelli,8,False,20,bahrain,bahrain,26.0325,50.510556,RACE,bahrain,185
955,2016,20,21,Accident,marcus-ericsson,sauber,ferrari,pirelli,11,False,20,interlagos,brazil,-23.701111,-46.697222,RACE,brazil,97
1105,2024,4,18,Gearbox,guanyu-zhou,kick-sauber,ferrari,pirelli,12,False,20,suzuka,japan,34.843056,136.540556,RACE,japan,68
977,2018,1,18,Engine,pierre-gasly,toro-rosso,honda,pirelli,13,False,20,melbourne,australia,-37.849722,144.968333,STREET,australia,156
936,2016,1,20,Collision,esteban-gutierrez,haas,ferrari,pirelli,16,False,20,melbourne,australia,-37.849722,144.968333,STREET,australia,59
1095,2023,16,17,Undertray,logan-sargeant,williams,mercedes,pirelli,22,False,20,suzuka,japan,34.843056,136.540556,RACE,japan,36
1099,2023,20,17,Engine,guanyu-zhou,alfa-romeo,ferrari,pirelli,22,False,20,interlagos,sao-paulo,-23.701111,-46.697222,RACE,brazil,68
1125,2024,24,19,Engine,franco-colapinto,williams,mercedes,pirelli,26,False,20,yas-marina,abu-dhabi,24.467222,54.603056,RACE,united-arab-emirates,9
961,2017,5,18,Accident,stoffel-vandoorne,mclaren,honda,pirelli,32,False,20,catalunya,spain,41.57,2.261111,RACE,spain,41
966,2017,10,18,Fuel pump,fernando-alonso,mclaren,honda,pirelli,32,False,20,silverstone,great-britain,52.078611,-1.016944,RACE,united-kingdom,405
970,2017,14,15,Accident,marcus-ericsson,sauber,ferrari,pirelli,35,False,20,marina-bay,singapore,1.291531,103.86385,STREET,singapore,97
1069,2022,12,18,Collision damage,kevin-magnussen,haas,ferrari,pirelli,37,False,20,paul-ricard,france,43.250556,5.791667,RACE,france,185
957,2017,1,16,Brakes,lance-stroll,williams,mercedes,pirelli,40,False,20,melbourne,australia,-37.849722,144.968333,STREET,australia,169
980,2018,4,15,Accident,romain-grosjean,haas,ferrari,pirelli,42,False,20,baku,azerbaijan,40.3725,49.853333,STREET,azerbaijan,179
931,2015,15,16,Brakes,carlos-sainz-jr,toro-rosso,renault,bridgestone,45,False,20,sochi,russia,43.410278,39.968271,ROAD,russia,209
1066,2022,9,18,Accident,yuki-tsunoda,alphatauri,rbpt,pirelli,47,False,20,montreal,canada,45.500578,-73.522461,STREET,canada,90
923,2015,7,19,Exhaust,jenson-button,mclaren,honda,bridgestone,54,False,20,montreal,canada,45.500578,-73.522461,STREET,canada,306
939,2016,4,22,Collision,rio-haryanto,manor,mercedes,pirelli,0,False,21,sochi,russia,43.410278,39.968271,ROAD,russia,12
956,2016,21,18,Collision damage,carlos-sainz-jr,toro-rosso,ferrari,pirelli,41,False,21,yas-marina,abu-dhabi,24.467222,54.603056,RACE,united-arab-emirates,209
947,2016,12,21,Power unit,felipe-nasr,sauber,ferrari,pirelli,57,False,21,hockenheimring,germany,49.327778,8.565833,RACE,germany,39
936,2016,1,19,Driveshaft,rio-haryanto,manor,mercedes,pirelli,17,False,22,melbourne,australia,-37.849722,144.968333,STREET,australia,12
934,2015,18,19,Technical defect,carlos-sainz-jr,toro-rosso,renault,bridgestone,0,False,5,interlagos,brazil,-23.701111,-46.697222,RACE,brazil,209
986,2018,10,20,Power unit,brendon-hartley,toro-rosso,honda,pirelli,1,False,8,silverstone,great-britain,52.078611,-1.016944,RACE,united-kingdom,25
944,2016,9,22,Mechenical,daniil-kvyat,toro-rosso,ferrari,pirelli,2,False,10,spielberg,austria,47.219722,14.764722,RACE,austria,110
1049,2021,14,19,Suspension,pierre-gasly,alphatauri,honda,pirelli,3,False,12,monza,italy,45.620556,9.289444,RACE,italy,156
945,2016,10,21,Power unit,marcus-ericsson,sauber,ferrari,pirelli,11,False,19,silverstone,great-britain,52.078611,-1.016944,RACE,united-kingdom,97
957,2017,1,17,Fuel cell,daniel-ricciardo,red-bull,tag-heuer,pirelli,25,False,12,melbourne,australia,-37.849722,144.968333,STREET,australia,257
1114,2024,13,20,Hydraulics,pierre-gasly,alpine,renault,pirelli,33,False,22,hungaroring,hungary,47.582222,19.251111,RACE,hungary,156
941,2016,6,18,Accident,max-verstappen,red-bull,tag-heuer,pirelli,34,False,24,monaco,monaco,43.734722,7.420556,STREET,monaco,212
1001,2019,4,17,Driveshaft,pierre-gasly,red-bull,honda,pirelli,38,False,2,baku,azerbaijan,40.3725,49.853333,STREET,azerbaijan,156
1122,2024,21,16,Accident,carlos-sainz-jr,ferrari,ferrari,pirelli,38,False,3,interlagos,sao-paulo,-23.701111,-46.697222,RACE,brazil,209
1032,2020,14,19,Collision damage,nicholas-latifi,williams,mercedes,pirelli,39,False,4,istanbul,turkey,40.951667,29.405,RACE,turkey,61
1126,2025,1,15,Accident,liam-lawson,red-bull,honda-rbpt,pirelli,46,False,14,melbourne,australia,-37.849722,144.968333,STREET,australia,14
941,2016,6,17,Collision damage,felipe-nasr,sauber,ferrari,pirelli,48,False,20,monaco,monaco,43.734722,7.420556,STREET,monaco,39
1097,2023,18,16,Undertray,fernando-alonso,aston-martin,mercedes,pirelli,49,False,21,austin,united-states,30.132778,-97.641111,RACE,united-states-of-america,405
962,2017,6,18,Collision damage,jenson-button,mclaren,honda,pirelli,57,False,1,monaco,monaco,43.734722,7.420556,STREET,monaco,306
